1 , 1 , 525 , 2439 , 8074 , 0.302081
1 , 1 , 448 , 2196 , 9116 , 0.240895
1 , 1 , 3170 , 875 , 3702 , 0.236359
1 , 1 , 3283 , 992 , 4550 , 0.218022
1 , 1 , 2008 , 919 , 5504 , 0.166969
1 , 1 , 534 , 128 , 1293 , 0.0989946
1 , 1 , 266 , 111 , 1223 , 0.0907604
1 , 1 , 393 , 111 , 1559 , 0.0711995
1 , 1 , 3314 , 192 , 2811 , 0.0683031
1 , 1 , 3002 , 584 , 8871 , 0.0658325
1 , 1 , 3239 , 8 , 122 , 0.0655738
1 , 1 , 462 , 443 , 8456 , 0.0523888
1 , 1 , 407 , 23 , 449 , 0.0512249
1 , 1 , 3256 , 247 , 4929 , 0.0501116
1 , 1 , 363 , 137 , 2866 , 0.0478018
1 , 1 , 445 , 343 , 7433 , 0.0461456
1 , 1 , 537 , 80 , 1853 , 0.0431732
1 , 1 , 458 , 344 , 8012 , 0.0429356
1 , 1 , 217 , 67 , 1564 , 0.0428389
1 , 1 , 302 , 84 , 1962 , 0.0428135
1 , 1 , 216 , 13 , 325 , 0.04
1 , 1 , 3259 , 179 , 4497 , 0.0398043
1 , 1 , 259 , 77 , 1965 , 0.0391858
1 , 1 , 119 , 2 , 52 , 0.0384615
1 , 1 , 3236 , 118 , 3174 , 0.0371771
1 , 1 , 519 , 972 , 27023 , 0.0359694
1 , 1 , 253 , 86 , 2507 , 0.0343039
1 , 1 , 545 , 295 , 8611 , 0.0342585
1 , 1 , 465 , 353 , 10328 , 0.0341789
1 , 1 , 212 , 173 , 5084 , 0.0340283
1 , 1 , 3258 , 255 , 7510 , 0.0339547
1 , 1 , 466 , 300 , 8847 , 0.0339098
1 , 1 , 491 , 358 , 10560 , 0.0339015
1 , 1 , 498 , 307 , 9110 , 0.0336992
1 , 1 , 345 , 119 , 3568 , 0.033352
1 , 1 , 472 , 324 , 9771 , 0.0331593
1 , 1 , 433 , 96 , 2935 , 0.0327087
1 , 1 , 362 , 104 , 3192 , 0.0325815
1 , 1 , 3472 , 110 , 3383 , 0.0325155
1 , 1 , 517 , 263 , 8170 , 0.0321909
1 , 1 , 3226 , 71 , 2209 , 0.0321412
1 , 1 , 546 , 226 , 7085 , 0.0318984
1 , 1 , 3235 , 234 , 7374 , 0.0317331
1 , 1 , 3660 , 420 , 13248 , 0.0317029
1 , 1 , 3337 , 2 , 64 , 0.03125
1 , 1 , 3590 , 2 , 64 , 0.03125
1 , 1 , 267 , 168 , 5382 , 0.0312152
1 , 1 , 533 , 156 , 5025 , 0.0310448
1 , 1 , 485 , 151 , 4880 , 0.0309426
1 , 1 , 446 , 329 , 10641 , 0.0309181
1 , 1 , 523 , 396 , 12809 , 0.0309158
1 , 1 , 486 , 370 , 12064 , 0.0306698
1 , 1 , 3255 , 321 , 10477 , 0.0306385
1 , 1 , 402 , 443 , 14502 , 0.0305475
1 , 1 , 3168 , 105 , 3450 , 0.0304348
1 , 1 , 3163 , 111 , 3665 , 0.0302865
1 , 1 , 497 , 453 , 14969 , 0.0302625
1 , 1 , 494 , 237 , 7868 , 0.030122
1 , 1 , 304 , 80 , 2659 , 0.0300865
1 , 1 , 168 , 311 , 10345 , 0.0300628
1 , 1 , 435 , 520 , 17517 , 0.0296854
1 , 1 , 293 , 393 , 13335 , 0.0294713
1 , 1 , 496 , 217 , 7371 , 0.0294397
1 , 1 , 503 , 203 , 6915 , 0.0293565
1 , 1 , 3680 , 107 , 3651 , 0.029307
1 , 1 , 505 , 318 , 10865 , 0.0292683
1 , 1 , 359 , 232 , 7932 , 0.0292486
1 , 1 , 3443 , 138 , 4740 , 0.0291139
1 , 1 , 379 , 303 , 10410 , 0.0291066
1 , 1 , 388 , 162 , 5593 , 0.0289648
1 , 1 , 3463 , 161 , 5583 , 0.0288375
1 , 1 , 3244 , 217 , 7532 , 0.0288104
1 , 1 , 495 , 152 , 5276 , 0.0288097
1 , 1 , 442 , 252 , 8780 , 0.0287016
1 , 1 , 174 , 165 , 5768 , 0.0286061
1 , 1 , 334 , 220 , 7698 , 0.0285789
1 , 1 , 3659 , 109 , 3819 , 0.0285415
1 , 1 , 459 , 298 , 10451 , 0.028514
1 , 1 , 438 , 143 , 5022 , 0.0284747
1 , 1 , 482 , 240 , 8456 , 0.0283822
1 , 1 , 492 , 248 , 8774 , 0.0282653
1 , 1 , 3641 , 290 , 10362 , 0.0279869
1 , 1 , 321 , 40 , 1431 , 0.0279525
1 , 1 , 504 , 253 , 9070 , 0.0278942
1 , 1 , 476 , 183 , 6617 , 0.027656
1 , 1 , 470 , 157 , 5767 , 0.0272239
1 , 1 , 526 , 195 , 7176 , 0.0271739
1 , 1 , 453 , 208 , 7675 , 0.027101
1 , 1 , 432 , 158 , 5839 , 0.0270594
1 , 1 , 280 , 108 , 4010 , 0.0269327
1 , 1 , 297 , 239 , 8886 , 0.0268962
1 , 1 , 487 , 161 , 5999 , 0.0268378
1 , 1 , 484 , 80 , 2990 , 0.0267559
1 , 1 , 229 , 309 , 11580 , 0.0266839
1 , 1 , 469 , 136 , 5120 , 0.0265625
1 , 1 , 480 , 133 , 5044 , 0.026368
1 , 1 , 450 , 200 , 7588 , 0.0263574
1 , 1 , 3596 , 1 , 38 , 0.0263158
1 , 1 , 326 , 156 , 5942 , 0.0262538
1 , 1 , 2003 , 148 , 5650 , 0.0261947
1 , 1 , 328 , 107 , 4138 , 0.0258579
1 , 1 , 540 , 176 , 6811 , 0.0258406
1 , 1 , 509 , 196 , 7589 , 0.0258269
1 , 1 , 167 , 144 , 5615 , 0.0256456
1 , 1 , 382 , 288 , 11303 , 0.02548
1 , 1 , 528 , 184 , 7232 , 0.0254425
1 , 1 , 447 , 170 , 6726 , 0.0252751
1 , 1 , 3233 , 160 , 6340 , 0.0252366
1 , 1 , 520 , 84 , 3337 , 0.0251723
1 , 1 , 3687 , 182 , 7325 , 0.0248464
1 , 1 , 285 , 325 , 13092 , 0.0248243
1 , 1 , 2012 , 112 , 4523 , 0.0247623
1 , 1 , 254 , 122 , 4931 , 0.0247414
1 , 1 , 3285 , 36 , 1456 , 0.0247253
1 , 1 , 301 , 103 , 4170 , 0.0247002
1 , 1 , 490 , 332 , 13457 , 0.0246712
1 , 1 , 377 , 67 , 2721 , 0.0246233
1 , 1 , 223 , 174 , 7085 , 0.0245589
1 , 1 , 507 , 218 , 8900 , 0.0244944
1 , 1 , 461 , 183 , 7511 , 0.0243643
1 , 1 , 483 , 212 , 8717 , 0.0243203
1 , 1 , 228 , 46 , 1892 , 0.0243129
1 , 1 , 249 , 31 , 1282 , 0.024181
1 , 1 , 536 , 124 , 5139 , 0.0241292
1 , 1 , 339 , 15 , 622 , 0.0241158
1 , 1 , 173 , 201 , 8337 , 0.0241094
1 , 1 , 478 , 112 , 4646 , 0.0241068
1 , 1 , 3177 , 38 , 1585 , 0.0239748
1 , 1 , 500 , 92 , 3863 , 0.0238157
1 , 1 , 335 , 127 , 5399 , 0.0235229
1 , 1 , 3260 , 169 , 7294 , 0.0231697
1 , 1 , 493 , 83 , 3586 , 0.0231456
1 , 1 , 3658 , 74 , 3199 , 0.0231322
1 , 1 , 3441 , 2 , 87 , 0.0229885
1 , 1 , 3263 , 225 , 9797 , 0.0229662
1 , 1 , 3686 , 177 , 7733 , 0.0228889
1 , 1 , 3664 , 90 , 3938 , 0.0228542
1 , 1 , 3136 , 28 , 1231 , 0.0227457
1 , 1 , 518 , 189 , 8325 , 0.0227027
1 , 1 , 423 , 107 , 4735 , 0.0225977
1 , 1 , 358 , 193 , 8551 , 0.0225705
1 , 1 , 127 , 193 , 8583 , 0.0224863
2 , 1 , 525 , 2193 , 4054 , 0.540947
2 , 1 , 3283 , 974 , 1982 , 0.491423
2 , 1 , 3170 , 883 , 1843 , 0.47911
2 , 1 , 448 , 1970 , 4473 , 0.44042
2 , 1 , 2008 , 754 , 1854 , 0.406688
2 , 1 , 259 , 193 , 661 , 0.291982
2 , 2 , 525 , 323 , 1146 , 0.28185
2 , 1 , 407 , 52 , 185 , 0.281081
2 , 2 , 448 , 402 , 1486 , 0.270525
2 , 3 , 259 , 10 , 39 , 0.25641
2 , 1 , 3596 , 2 , 8 , 0.25
2 , 1 , 534 , 87 , 357 , 0.243697
2 , 1 , 3002 , 446 , 2045 , 0.218093
2 , 2 , 259 , 94 , 437 , 0.215103
2 , 2 , 266 , 42 , 199 , 0.211055
2 , 1 , 304 , 136 , 698 , 0.194842
2 , 3 , 266 , 3 , 16 , 0.1875
2 , 1 , 216 , 11 , 59 , 0.186441
2 , 2 , 3170 , 83 , 457 , 0.181619
2 , 1 , 266 , 74 , 410 , 0.180488
2 , 1 , 445 , 401 , 2354 , 0.170348
2 , 3 , 339 , 3 , 18 , 0.166667
2 , 1 , 363 , 106 , 673 , 0.157504
2 , 3 , 351 , 5 , 32 , 0.15625
2 , 1 , 328 , 182 , 1207 , 0.150787
2 , 1 , 339 , 22 , 147 , 0.14966
2 , 1 , 3441 , 5 , 34 , 0.147059
2 , 1 , 3236 , 125 , 867 , 0.144175
2 , 1 , 3352 , 1 , 7 , 0.142857
2 , 1 , 321 , 32 , 237 , 0.135021
2 , 1 , 393 , 62 , 463 , 0.133909
2 , 2 , 3283 , 67 , 517 , 0.129594
2 , 1 , 3259 , 181 , 1402 , 0.129101
2 , 1 , 217 , 35 , 274 , 0.127737
2 , 1 , 3168 , 85 , 668 , 0.127246
2 , 1 , 537 , 83 , 656 , 0.126524
2 , 1 , 3226 , 63 , 499 , 0.126253
2 , 1 , 3163 , 102 , 836 , 0.12201
2 , 2 , 407 , 5 , 42 , 0.119048
2 , 1 , 458 , 286 , 2408 , 0.118771
2 , 1 , 462 , 287 , 2456 , 0.116857
2 , 1 , 3177 , 42 , 366 , 0.114754
2 , 1 , 3239 , 7 , 62 , 0.112903
2 , 1 , 3165 , 89 , 790 , 0.112658
2 , 1 , 491 , 371 , 3323 , 0.111646
2 , 1 , 3326 , 1 , 9 , 0.111111
2 , 1 , 345 , 113 , 1017 , 0.111111
2 , 1 , 3595 , 6 , 54 , 0.111111
2 , 1 , 3285 , 33 , 308 , 0.107143
2 , 1 , 498 , 307 , 2868 , 0.107043
2 , 1 , 2000 , 37 , 346 , 0.106936
2 , 1 , 3235 , 236 , 2231 , 0.105782
2 , 1 , 472 , 329 , 3115 , 0.105618
2 , 1 , 2003 , 164 , 1587 , 0.10334
2 , 1 , 3256 , 110 , 1067 , 0.103093
2 , 1 , 546 , 242 , 2348 , 0.103066
2 , 1 , 519 , 880 , 8575 , 0.102624
2 , 1 , 249 , 31 , 304 , 0.101974
2 , 1 , 302 , 46 , 454 , 0.101322
2 , 1 , 465 , 276 , 2727 , 0.10121
2 , 1 , 362 , 93 , 921 , 0.100977
2 , 1 , 517 , 252 , 2503 , 0.100679
2 , 1 , 495 , 149 , 1486 , 0.100269
2 , 1 , 379 , 345 , 3443 , 0.100203
2 , 1 , 466 , 271 , 2714 , 0.0998526
2 , 1 , 3255 , 318 , 3186 , 0.0998117
2 , 1 , 3320 , 19 , 193 , 0.0984456
2 , 1 , 267 , 157 , 1601 , 0.0980637
2 , 1 , 484 , 73 , 749 , 0.0974633
2 , 2 , 2022 , 11 , 113 , 0.0973451
2 , 1 , 533 , 133 , 1369 , 0.0971512
2 , 1 , 435 , 487 , 5036 , 0.0967037
2 , 1 , 402 , 410 , 4241 , 0.0966753
2 , 1 , 476 , 196 , 2052 , 0.0955166
2 , 1 , 253 , 68 , 713 , 0.0953717
2 , 1 , 446 , 299 , 3144 , 0.0951018
2 , 1 , 377 , 62 , 662 , 0.0936556
2 , 1 , 3660 , 344 , 3674 , 0.0936309
2 , 1 , 3258 , 212 , 2270 , 0.0933921
2 , 1 , 486 , 336 , 3606 , 0.093178
2 , 1 , 505 , 298 , 3207 , 0.0929217
2 , 1 , 3145 , 21 , 226 , 0.0929204
2 , 1 , 3641 , 279 , 3005 , 0.0928453
2 , 1 , 497 , 412 , 4442 , 0.092751
2 , 1 , 254 , 125 , 1352 , 0.0924556
2 , 1 , 168 , 275 , 2994 , 0.0918504
2 , 1 , 3289 , 21 , 230 , 0.0913043
2 , 1 , 492 , 238 , 2616 , 0.0909786
2 , 2 , 3585 , 1 , 11 , 0.0909091
2 , 2 , 3128 , 1 , 11 , 0.0909091
2 , 2 , 3239 , 1 , 11 , 0.0909091
2 , 2 , 3387 , 3 , 33 , 0.0909091
2 , 3 , 3169 , 1 , 11 , 0.0909091
2 , 1 , 3587 , 1 , 11 , 0.0909091
2 , 1 , 3687 , 197 , 2170 , 0.0907834
2 , 1 , 509 , 196 , 2160 , 0.0907407
2 , 1 , 301 , 92 , 1014 , 0.0907298
2 , 1 , 523 , 346 , 3824 , 0.0904812
2 , 1 , 212 , 118 , 1306 , 0.0903522
2 , 1 , 459 , 253 , 2807 , 0.0901318
2 , 1 , 334 , 201 , 2236 , 0.0898927
2 , 1 , 326 , 135 , 1502 , 0.0898802
2 , 1 , 526 , 182 , 2025 , 0.0898765
2 , 1 , 382 , 276 , 3071 , 0.089873
2 , 1 , 3443 , 98 , 1091 , 0.0898258
2 , 1 , 494 , 203 , 2261 , 0.0897833
2 , 1 , 453 , 189 , 2107 , 0.089701
2 , 1 , 3680 , 81 , 906 , 0.089404
2 , 1 , 482 , 231 , 2584 , 0.0893963
2 , 1 , 442 , 233 , 2619 , 0.0889653
2 , 1 , 3659 , 110 , 1237 , 0.0889248
2 , 1 , 545 , 216 , 2431 , 0.0888523
2 , 1 , 229 , 259 , 2920 , 0.0886986
2 , 1 , 503 , 184 , 2075 , 0.0886747
2 , 1 , 485 , 115 , 1298 , 0.0885978
2 , 1 , 528 , 187 , 2121 , 0.088166
2 , 1 , 3136 , 20 , 227 , 0.0881057
2 , 1 , 536 , 137 , 1565 , 0.0875399
2 , 1 , 2012 , 114 , 1305 , 0.0873563
2 , 1 , 540 , 176 , 2015 , 0.0873449
2 , 1 , 3130 , 2 , 23 , 0.0869565
2 , 1 , 504 , 201 , 2318 , 0.0867127
2 , 1 , 496 , 191 , 2213 , 0.0863082
2 , 1 , 470 , 141 , 1636 , 0.0861858
2 , 1 , 3233 , 152 , 1766 , 0.0860702
2 , 1 , 469 , 113 , 1318 , 0.085736
2 , 1 , 433 , 68 , 794 , 0.0856423
2 , 1 , 351 , 28 , 327 , 0.0856269
2 , 1 , 276 , 31 , 363 , 0.0853994
2 , 1 , 3457 , 29 , 340 , 0.0852941
2 , 1 , 173 , 189 , 2223 , 0.0850202
2 , 1 , 490 , 318 , 3752 , 0.0847548
2 , 1 , 315 , 60 , 711 , 0.0843882
2 , 1 , 285 , 304 , 3631 , 0.0837235
2 , 1 , 450 , 167 , 1995 , 0.0837093
2 , 1 , 500 , 79 , 944 , 0.0836864
2 , 1 , 3463 , 152 , 1818 , 0.0836084
2 , 1 , 3087 , 18 , 216 , 0.0833333
2 , 1 , 3407 , 5 , 60 , 0.0833333
2 , 3 , 3368 , 1 , 12 , 0.0833333
2 , 2 , 3441 , 1 , 12 , 0.0833333
2 , 1 , 174 , 133 , 1608 , 0.0827114
2 , 1 , 487 , 132 , 1598 , 0.0826033
2 , 1 , 507 , 213 , 2592 , 0.0821759
2 , 1 , 388 , 137 , 1669 , 0.0820851
2 , 1 , 167 , 128 , 1560 , 0.0820513
2 , 1 , 3244 , 174 , 2123 , 0.0819595
2 , 1 , 293 , 290 , 3544 , 0.0818284
2 , 1 , 520 , 66 , 807 , 0.0817844
2 , 1 , 280 , 87 , 1065 , 0.0816901
2 , 1 , 3160 , 34 , 417 , 0.0815348
2 , 1 , 3263 , 206 , 2532 , 0.0813586
2 , 1 , 297 , 193 , 2375 , 0.0812632
2 , 1 , 357 , 79 , 973 , 0.0811922
2 , 1 , 2023 , 31 , 384 , 0.0807292
2 , 1 , 358 , 169 , 2103 , 0.0803614
2 , 1 , 383 , 101 , 1258 , 0.0802862
2 , 1 , 3658 , 75 , 936 , 0.0801282
2 , 1 , 461 , 176 , 2198 , 0.0800728
2 , 1 , 478 , 90 , 1124 , 0.0800712
2 , 1 , 3132 , 37 , 464 , 0.0797414
2 , 2 , 2008 , 40 , 502 , 0.0796813
2 , 1 , 493 , 69 , 875 , 0.0788571
2 , 1 , 401 , 77 , 982 , 0.0784114
2 , 1 , 438 , 94 , 1202 , 0.078203
2 , 1 , 3223 , 56 , 717 , 0.0781032
2 , 1 , 359 , 164 , 2103 , 0.0779838
2 , 1 , 432 , 109 , 1410 , 0.077305
2 , 1 , 447 , 138 , 1789 , 0.0771381
2 , 1 , 223 , 146 , 1896 , 0.0770042
2 , 1 , 483 , 172 , 2250 , 0.0764444
2 , 1 , 480 , 103 , 1351 , 0.0762398
2 , 1 , 346 , 56 , 736 , 0.076087
2 , 1 , 2022 , 12 , 158 , 0.0759494
2 , 1 , 508 , 94 , 1242 , 0.0756844
2 , 1 , 127 , 177 , 2345 , 0.0754797
2 , 1 , 3260 , 154 , 2044 , 0.0753425
2 , 1 , 347 , 111 , 1490 , 0.0744966
2 , 3 , 3285 , 2 , 27 , 0.0740741
2 , 1 , 479 , 149 , 2023 , 0.073653
2 , 1 , 419 , 3 , 41 , 0.0731707
2 , 1 , 3157 , 3 , 41 , 0.0731707
2 , 1 , 151 , 165 , 2257 , 0.0731059
2 , 1 , 327 , 99 , 1361 , 0.0727406
2 , 1 , 524 , 91 , 1252 , 0.0726837
2 , 1 , 252 , 72 , 994 , 0.0724346
2 , 1 , 164 , 63 , 870 , 0.0724138
2 , 1 , 403 , 90 , 1246 , 0.0722311
2 , 1 , 3431 , 81 , 1124 , 0.0720641
2 , 1 , 455 , 48 , 668 , 0.0718563
2 , 1 , 3686 , 144 , 2016 , 0.0714286
2 , 1 , 3499 , 2 , 28 , 0.0714286
2 , 1 , 3612 , 1 , 14 , 0.0714286
2 , 1 , 325 , 100 , 1401 , 0.0713776
2 , 1 , 3360 , 37 , 522 , 0.0708812
2 , 1 , 3664 , 62 , 876 , 0.0707763
2 , 1 , 335 , 110 , 1567 , 0.0701978
2 , 1 , 3359 , 14 , 200 , 0.07
2 , 1 , 336 , 116 , 1661 , 0.0698374
2 , 2 , 339 , 6 , 86 , 0.0697674
2 , 1 , 3427 , 117 , 1681 , 0.0696014
2 , 1 , 3511 , 2 , 29 , 0.0689655
2 , 1 , 3243 , 45 , 654 , 0.0688073
2 , 1 , 236 , 113 , 1643 , 0.0687766
2 , 1 , 3139 , 22 , 320 , 0.06875
2 , 1 , 468 , 107 , 1562 , 0.0685019
2 , 1 , 3109 , 13 , 190 , 0.0684211
2 , 1 , 477 , 201 , 2945 , 0.0682513
2 , 1 , 3629 , 3 , 44 , 0.0681818
2 , 1 , 3632 , 58 , 851 , 0.0681551
2 , 1 , 3467 , 57 , 840 , 0.0678571
2 , 1 , 502 , 51 , 752 , 0.0678191
2 , 1 , 3656 , 71 , 1051 , 0.0675547
2 , 1 , 531 , 91 , 1352 , 0.0673077
2 , 1 , 161 , 41 , 613 , 0.0668842
2 , 1 , 3458 , 72 , 1078 , 0.0667904
2 , 1 , 513 , 71 , 1067 , 0.0665417
2 , 1 , 369 , 43 , 648 , 0.066358
2 , 1 , 3709 , 34 , 513 , 0.0662768
2 , 2 , 328 , 40 , 604 , 0.0662252
2 , 1 , 394 , 43 , 653 , 0.0658499
2 , 1 , 247 , 40 , 609 , 0.0656814
2 , 1 , 3592 , 4 , 61 , 0.0655738
2 , 1 , 3474 , 66 , 1016 , 0.0649606
2 , 1 , 251 , 103 , 1587 , 0.0649023
2 , 1 , 3290 , 7 , 109 , 0.0642202
2 , 1 , 3504 , 3 , 47 , 0.0638298
2 , 1 , 368 , 141 , 2211 , 0.063772
2 , 1 , 237 , 101 , 1584 , 0.0637626
2 , 1 , 150 , 29 , 455 , 0.0637363
2 , 1 , 380 , 91 , 1435 , 0.0634146
2 , 1 , 440 , 56 , 884 , 0.0633484
2 , 1 , 322 , 5 , 79 , 0.0632911
2 , 1 , 501 , 60 , 949 , 0.0632244
2 , 1 , 361 , 63 , 1000 , 0.063
2 , 1 , 3171 , 32 , 510 , 0.0627451
2 , 1 , 518 , 129 , 2058 , 0.0626822
2 , 1 , 2021 , 90 , 1436 , 0.0626741
2 , 1 , 307 , 74 , 1182 , 0.0626058
2 , 1 , 481 , 18 , 288 , 0.0625
2 , 2 , 3058 , 1 , 16 , 0.0625
2 , 1 , 3324 , 1 , 16 , 0.0625
2 , 3 , 448 , 6 , 96 , 0.0625
2 , 1 , 3522 , 1 , 16 , 0.0625
2 , 1 , 3615 , 4 , 64 , 0.0625
2 , 1 , 3705 , 29 , 467 , 0.0620985
2 , 1 , 3690 , 17 , 274 , 0.0620438
2 , 1 , 423 , 67 , 1082 , 0.0619224
3 , 1 , 448 , 1290 , 1758 , 0.733788
3 , 1 , 3170 , 657 , 900 , 0.73
3 , 1 , 525 , 1397 , 1944 , 0.718621
3 , 1 , 534 , 43 , 62 , 0.693548
3 , 1 , 3283 , 581 , 854 , 0.680328
3 , 1 , 259 , 192 , 292 , 0.657534
3 , 1 , 266 , 91 , 139 , 0.654676
3 , 1 , 2008 , 549 , 868 , 0.632488
3 , 1 , 304 , 102 , 168 , 0.607143
3 , 2 , 3170 , 361 , 599 , 0.602671
3 , 2 , 259 , 258 , 442 , 0.58371
3 , 1 , 302 , 36 , 62 , 0.580645
3 , 2 , 525 , 958 , 1669 , 0.573996
3 , 1 , 217 , 50 , 88 , 0.568182
3 , 1 , 3256 , 149 , 263 , 0.56654
3 , 2 , 448 , 1027 , 1830 , 0.561202
3 , 1 , 3002 , 165 , 304 , 0.542763
3 , 1 , 216 , 7 , 13 , 0.538462
3 , 1 , 393 , 21 , 39 , 0.538462
3 , 1 , 339 , 23 , 43 , 0.534884
3 , 1 , 3320 , 9 , 17 , 0.529412
3 , 2 , 3283 , 367 , 702 , 0.522792
3 , 1 , 3165 , 73 , 141 , 0.51773
3 , 1 , 315 , 77 , 151 , 0.509934
3 , 1 , 3285 , 27 , 53 , 0.509434
3 , 1 , 3168 , 55 , 108 , 0.509259
3 , 1 , 3311 , 1 , 2 , 0.5
3 , 1 , 3504 , 1 , 2 , 0.5
3 , 2 , 3492 , 1 , 2 , 0.5
3 , 1 , 3329 , 2 , 4 , 0.5
3 , 1 , 3511 , 2 , 4 , 0.5
3 , 2 , 3053 , 1 , 2 , 0.5
3 , 2 , 3612 , 1 , 2 , 0.5
3 , 1 , 278 , 1 , 2 , 0.5
3 , 1 , 3520 , 1 , 2 , 0.5
3 , 1 , 3653 , 3 , 6 , 0.5
3 , 1 , 3379 , 1 , 2 , 0.5
3 , 1 , 3596 , 1 , 2 , 0.5
3 , 1 , 3437 , 3 , 6 , 0.5
3 , 1 , 3532 , 1 , 2 , 0.5
3 , 2 , 409 , 1 , 2 , 0.5
3 , 3 , 407 , 4 , 8 , 0.5
3 , 1 , 3130 , 1 , 2 , 0.5
3 , 1 , 3493 , 1 , 2 , 0.5
3 , 1 , 3303 , 2 , 4 , 0.5
3 , 1 , 3587 , 2 , 4 , 0.5
3 , 1 , 3500 , 2 , 4 , 0.5
3 , 1 , 3556 , 1 , 2 , 0.5
3 , 1 , 3441 , 3 , 6 , 0.5
3 , 1 , 3585 , 1 , 2 , 0.5
3 , 1 , 313 , 2 , 4 , 0.5
3 , 1 , 3535 , 1 , 2 , 0.5
3 , 1 , 363 , 68 , 141 , 0.48227
3 , 2 , 2008 , 278 , 585 , 0.475214
3 , 1 , 3177 , 19 , 40 , 0.475
3 , 2 , 266 , 81 , 171 , 0.473684
3 , 1 , 2000 , 25 , 53 , 0.471698
3 , 1 , 3259 , 124 , 267 , 0.464419
3 , 1 , 445 , 173 , 374 , 0.462567
3 , 3 , 259 , 22 , 48 , 0.458333
3 , 1 , 351 , 29 , 64 , 0.453125
3 , 1 , 322 , 4 , 9 , 0.444444
3 , 1 , 458 , 136 , 312 , 0.435897
3 , 1 , 3289 , 13 , 30 , 0.433333
3 , 1 , 3108 , 6 , 14 , 0.428571
3 , 1 , 471 , 9 , 21 , 0.428571
3 , 1 , 3236 , 50 , 117 , 0.42735
3 , 1 , 3226 , 54 , 128 , 0.421875
3 , 1 , 321 , 28 , 67 , 0.41791
3 , 1 , 3306 , 5 , 12 , 0.416667
3 , 3 , 525 , 127 , 308 , 0.412338
3 , 1 , 327 , 64 , 157 , 0.407643
3 , 1 , 3163 , 46 , 114 , 0.403509
3 , 1 , 3313 , 2 , 5 , 0.4
3 , 1 , 3453 , 2 , 5 , 0.4
3 , 1 , 2022 , 8 , 20 , 0.4
3 , 1 , 356 , 6 , 15 , 0.4
3 , 1 , 3630 , 2 , 5 , 0.4
3 , 1 , 3457 , 16 , 40 , 0.4
3 , 1 , 3335 , 2 , 5 , 0.4
3 , 1 , 3384 , 2 , 5 , 0.4
3 , 1 , 3304 , 2 , 5 , 0.4
3 , 1 , 3469 , 2 , 5 , 0.4
3 , 1 , 3663 , 2 , 5 , 0.4
3 , 2 , 339 , 24 , 61 , 0.393443
3 , 1 , 3664 , 40 , 103 , 0.38835
3 , 1 , 513 , 31 , 80 , 0.3875
3 , 1 , 3346 , 5 , 13 , 0.384615
3 , 1 , 3360 , 15 , 39 , 0.384615
3 , 1 , 546 , 89 , 232 , 0.383621
3 , 1 , 469 , 51 , 133 , 0.383459
3 , 1 , 253 , 23 , 60 , 0.383333
3 , 1 , 414 , 8 , 21 , 0.380952
3 , 1 , 3443 , 41 , 108 , 0.37963
3 , 1 , 462 , 83 , 219 , 0.378995
3 , 1 , 247 , 25 , 66 , 0.378788
3 , 1 , 533 , 52 , 138 , 0.376812
3 , 1 , 495 , 55 , 146 , 0.376712
3 , 1 , 366 , 3 , 8 , 0.375
3 , 1 , 3154 , 6 , 16 , 0.375
3 , 1 , 164 , 27 , 72 , 0.375
3 , 1 , 3290 , 3 , 8 , 0.375
3 , 1 , 3383 , 3 , 8 , 0.375
3 , 1 , 478 , 43 , 115 , 0.373913
3 , 1 , 401 , 31 , 83 , 0.373494
3 , 1 , 472 , 96 , 258 , 0.372093
3 , 1 , 3255 , 135 , 366 , 0.368852
3 , 1 , 212 , 40 , 109 , 0.366972
3 , 1 , 3641 , 99 , 270 , 0.366667
3 , 1 , 3243 , 19 , 52 , 0.365385
3 , 1 , 301 , 42 , 115 , 0.365217
3 , 1 , 3258 , 84 , 230 , 0.365217
3 , 1 , 492 , 77 , 211 , 0.364929
3 , 1 , 347 , 51 , 140 , 0.364286
3 , 1 , 258 , 8 , 22 , 0.363636
3 , 3 , 339 , 4 , 11 , 0.363636
3 , 1 , 503 , 69 , 190 , 0.363158
3 , 1 , 168 , 95 , 263 , 0.361217
3 , 1 , 459 , 109 , 302 , 0.360927
3 , 1 , 485 , 35 , 97 , 0.360825
3 , 1 , 519 , 284 , 788 , 0.360406
3 , 1 , 264 , 9 , 25 , 0.36
3 , 1 , 407 , 23 , 64 , 0.359375
3 , 1 , 239 , 5 , 14 , 0.357143
3 , 1 , 328 , 61 , 172 , 0.354651
3 , 1 , 497 , 120 , 339 , 0.353982
3 , 1 , 453 , 50 , 142 , 0.352113
3 , 1 , 466 , 85 , 242 , 0.35124
3 , 1 , 476 , 54 , 154 , 0.350649
3 , 1 , 232 , 7 , 20 , 0.35
3 , 1 , 3239 , 7 , 20 , 0.35
3 , 1 , 508 , 51 , 146 , 0.349315
3 , 1 , 359 , 61 , 175 , 0.348571
3 , 1 , 402 , 128 , 368 , 0.347826
3 , 1 , 361 , 26 , 75 , 0.346667
3 , 1 , 481 , 9 , 26 , 0.346154
3 , 1 , 486 , 108 , 312 , 0.346154
3 , 1 , 522 , 9 , 26 , 0.346154
3 , 1 , 3659 , 47 , 136 , 0.345588
3 , 1 , 391 , 10 , 29 , 0.344828
3 , 1 , 3697 , 10 , 29 , 0.344828
3 , 1 , 526 , 52 , 151 , 0.344371
3 , 1 , 249 , 21 , 61 , 0.344262
3 , 1 , 3136 , 11 , 32 , 0.34375
3 , 1 , 2003 , 47 , 137 , 0.343066
3 , 1 , 435 , 131 , 382 , 0.342932
3 , 1 , 465 , 85 , 248 , 0.342742
3 , 2 , 217 , 16 , 47 , 0.340426
3 , 1 , 3658 , 32 , 94 , 0.340426
3 , 1 , 498 , 93 , 274 , 0.339416
3 , 1 , 254 , 38 , 112 , 0.339286
3 , 1 , 257 , 19 , 56 , 0.339286
3 , 1 , 470 , 45 , 133 , 0.338346
3 , 1 , 491 , 78 , 231 , 0.337662
3 , 1 , 362 , 28 , 83 , 0.337349
3 , 1 , 447 , 57 , 169 , 0.337278
3 , 1 , 442 , 87 , 258 , 0.337209
3 , 1 , 379 , 96 , 285 , 0.336842
3 , 1 , 3660 , 101 , 301 , 0.335548
3 , 1 , 517 , 67 , 200 , 0.335
3 , 1 , 496 , 67 , 200 , 0.335
3 , 1 , 3312 , 1 , 3 , 0.333333
3 , 1 , 3368 , 2 , 6 , 0.333333
3 , 2 , 3575 , 3 , 9 , 0.333333
3 , 1 , 3709 , 11 , 33 , 0.333333
3 , 1 , 3415 , 1 , 3 , 0.333333
3 , 1 , 3541 , 1 , 3 , 0.333333
3 , 1 , 3319 , 1 , 3 , 0.333333
3 , 1 , 3322 , 1 , 3 , 0.333333
3 , 1 , 3411 , 1 , 3 , 0.333333
3 , 1 , 500 , 26 , 78 , 0.333333
3 , 2 , 3560 , 1 , 3 , 0.333333
3 , 1 , 3693 , 2 , 6 , 0.333333
3 , 3 , 3555 , 1 , 3 , 0.333333
3 , 1 , 3359 , 7 , 21 , 0.333333
3 , 1 , 537 , 29 , 87 , 0.333333
3 , 1 , 345 , 30 , 90 , 0.333333
3 , 1 , 3355 , 3 , 9 , 0.333333
3 , 1 , 353 , 1 , 3 , 0.333333
3 , 1 , 528 , 54 , 162 , 0.333333
3 , 1 , 3341 , 2 , 6 , 0.333333
3 , 1 , 3515 , 1 , 3 , 0.333333
3 , 2 , 534 , 31 , 93 , 0.333333
3 , 1 , 3381 , 1 , 3 , 0.333333
3 , 1 , 399 , 1 , 3 , 0.333333
3 , 1 , 324 , 1 , 3 , 0.333333
3 , 1 , 3087 , 1 , 3 , 0.333333
3 , 1 , 275 , 1 , 3 , 0.333333
3 , 1 , 3407 , 1 , 3 , 0.333333
3 , 1 , 3124 , 4 , 12 , 0.333333
3 , 1 , 291 , 6 , 18 , 0.333333
3 , 1 , 3503 , 1 , 3 , 0.333333
3 , 1 , 3400 , 1 , 3 , 0.333333
3 , 1 , 467 , 1 , 3 , 0.333333
3 , 1 , 3295 , 12 , 36 , 0.333333
3 , 2 , 3490 , 1 , 3 , 0.333333
3 , 1 , 3501 , 1 , 3 , 0.333333
3 , 3 , 400 , 1 , 3 , 0.333333
3 , 1 , 421 , 1 , 3 , 0.333333
3 , 1 , 545 , 81 , 244 , 0.331967
3 , 1 , 3244 , 54 , 163 , 0.331288
3 , 1 , 490 , 106 , 320 , 0.33125
3 , 3 , 2008 , 32 , 97 , 0.329897
3 , 1 , 334 , 63 , 191 , 0.329843
3 , 1 , 357 , 27 , 82 , 0.329268
3 , 1 , 518 , 51 , 155 , 0.329032
3 , 1 , 388 , 48 , 146 , 0.328767
3 , 1 , 326 , 41 , 125 , 0.328
3 , 1 , 509 , 69 , 211 , 0.327014
3 , 1 , 382 , 80 , 245 , 0.326531
3 , 1 , 3474 , 32 , 98 , 0.326531
3 , 1 , 446 , 75 , 230 , 0.326087
3 , 1 , 335 , 45 , 138 , 0.326087
3 , 1 , 127 , 65 , 200 , 0.325
3 , 1 , 461 , 73 , 225 , 0.324444
3 , 1 , 454 , 22 , 68 , 0.323529
3 , 1 , 2012 , 43 , 133 , 0.323308
3 , 1 , 3223 , 20 , 62 , 0.322581
3 , 1 , 487 , 49 , 152 , 0.322368
3 , 1 , 3686 , 55 , 171 , 0.321637
3 , 1 , 167 , 61 , 190 , 0.321053
3 , 1 , 504 , 57 , 178 , 0.320225
3 , 1 , 432 , 40 , 125 , 0.32
3 , 1 , 505 , 86 , 269 , 0.319703
3 , 1 , 482 , 67 , 210 , 0.319048
3 , 1 , 494 , 66 , 207 , 0.318841
3 , 1 , 3160 , 7 , 22 , 0.318182
3 , 1 , 280 , 20 , 63 , 0.31746
3 , 1 , 293 , 93 , 294 , 0.316327
3 , 1 , 3687 , 53 , 168 , 0.315476
3 , 1 , 236 , 45 , 143 , 0.314685
3 , 1 , 355 , 11 , 35 , 0.314286
3 , 1 , 3688 , 22 , 70 , 0.314286
3 , 1 , 267 , 38 , 121 , 0.31405
3 , 1 , 297 , 59 , 188 , 0.31383
3 , 1 , 3632 , 26 , 83 , 0.313253
3 , 1 , 3159 , 31 , 99 , 0.313131
3 , 1 , 285 , 92 , 294 , 0.312925
3 , 1 , 411 , 10 , 32 , 0.3125
3 , 1 , 3166 , 5 , 16 , 0.3125
3 , 1 , 3101 , 5 , 16 , 0.3125
3 , 1 , 3463 , 54 , 173 , 0.312139
3 , 1 , 229 , 68 , 218 , 0.311927
3 , 1 , 3233 , 34 , 109 , 0.311927
3 , 1 , 3235 , 60 , 193 , 0.310881
3 , 1 , 524 , 27 , 87 , 0.310345
3 , 1 , 3680 , 17 , 55 , 0.309091
3 , 1 , 520 , 21 , 68 , 0.308824
3 , 1 , 523 , 101 , 328 , 0.307927
3 , 1 , 3164 , 28 , 91 , 0.307692
3 , 1 , 3656 , 20 , 65 , 0.307692
3 , 1 , 3139 , 4 , 13 , 0.307692
3 , 1 , 3292 , 4 , 13 , 0.307692
3 , 1 , 3096 , 4 , 13 , 0.307692
3 , 1 , 540 , 51 , 166 , 0.307229
3 , 3 , 448 , 64 , 209 , 0.30622
3 , 1 , 484 , 15 , 49 , 0.306122
3 , 1 , 3467 , 18 , 59 , 0.305085
3 , 1 , 440 , 21 , 69 , 0.304348
3 , 1 , 72 , 31 , 102 , 0.303922
3 , 1 , 173 , 48 , 158 , 0.303797
3 , 1 , 3462 , 10 , 33 , 0.30303
3 , 1 , 3260 , 56 , 185 , 0.302703
3 , 1 , 252 , 23 , 76 , 0.302632
3 , 1 , 507 , 64 , 212 , 0.301887
3 , 1 , 228 , 16 , 53 , 0.301887
3 , 1 , 223 , 38 , 126 , 0.301587
3 , 1 , 417 , 22 , 73 , 0.30137
3 , 1 , 479 , 47 , 156 , 0.301282
3 , 1 , 3155 , 9 , 30 , 0.3
3 , 1 , 308 , 6 , 20 , 0.3
3 , 1 , 82 , 3 , 10 , 0.3
3 , 2 , 3593 , 3 , 10 , 0.3
3 , 2 , 3256 , 84 , 281 , 0.298932
3 , 1 , 3158 , 34 , 114 , 0.298246
3 , 1 , 502 , 14 , 47 , 0.297872
3 , 1 , 281 , 25 , 84 , 0.297619
3 , 1 , 3458 , 22 , 74 , 0.297297
3 , 1 , 346 , 19 , 64 , 0.296875
3 , 1 , 276 , 8 , 27 , 0.296296
3 , 1 , 3171 , 13 , 44 , 0.295455
3 , 1 , 3175 , 15 , 51 , 0.294118
3 , 1 , 480 , 26 , 89 , 0.292135
3 , 1 , 161 , 14 , 48 , 0.291667
3 , 1 , 341 , 7 , 24 , 0.291667
3 , 1 , 2023 , 9 , 31 , 0.290323
3 , 1 , 3263 , 57 , 197 , 0.28934
3 , 1 , 477 , 75 , 261 , 0.287356
3 , 1 , 237 , 39 , 136 , 0.286765
3 , 1 , 3472 , 20 , 70 , 0.285714
3 , 3 , 232 , 2 , 7 , 0.285714
3 , 1 , 3423 , 2 , 7 , 0.285714
3 , 2 , 3441 , 2 , 7 , 0.285714
3 , 1 , 450 , 42 , 147 , 0.285714
3 , 1 , 3102 , 2 , 7 , 0.285714
3 , 1 , 3305 , 2 , 7 , 0.285714
3 , 1 , 349 , 6 , 21 , 0.285714
3 , 1 , 3132 , 12 , 42 , 0.285714
3 , 3 , 2022 , 4 , 14 , 0.285714
3 , 1 , 3095 , 2 , 7 , 0.285714
3 , 1 , 406 , 4 , 14 , 0.285714
3 , 1 , 3712 , 2 , 7 , 0.285714
3 , 1 , 539 , 10 , 35 , 0.285714
3 , 1 , 3452 , 4 , 14 , 0.285714
3 , 2 , 3130 , 2 , 7 , 0.285714
3 , 1 , 3116 , 2 , 7 , 0.285714
3 , 1 , 439 , 25 , 88 , 0.284091
3 , 1 , 358 , 57 , 201 , 0.283582
3 , 1 , 377 , 16 , 57 , 0.280702
3 , 1 , 3093 , 16 , 57 , 0.280702
3 , 1 , 383 , 30 , 107 , 0.280374
3 , 1 , 3137 , 14 , 50 , 0.28
3 , 1 , 438 , 28 , 100 , 0.28
3 , 1 , 174 , 31 , 112 , 0.276786
3 , 1 , 412 , 16 , 58 , 0.275862
3 , 1 , 516 , 11 , 40 , 0.275
3 , 1 , 336 , 36 , 131 , 0.274809
3 , 1 , 483 , 51 , 186 , 0.274194
3 , 1 , 3134 , 15 , 55 , 0.272727
3 , 1 , 3307 , 3 , 11 , 0.272727
3 , 1 , 3711 , 15 , 55 , 0.272727
3 , 1 , 3153 , 3 , 11 , 0.272727
3 , 1 , 536 , 33 , 121 , 0.272727
3 , 2 , 3592 , 3 , 11 , 0.272727
3 , 1 , 433 , 18 , 67 , 0.268657
3 , 1 , 529 , 19 , 71 , 0.267606
3 , 1 , 151 , 43 , 161 , 0.267081
3 , 1 , 408 , 4 , 15 , 0.266667
3 , 2 , 3338 , 4 , 15 , 0.266667
3 , 1 , 380 , 24 , 90 , 0.266667
3 , 2 , 2022 , 9 , 34 , 0.264706
3 , 1 , 387 , 18 , 68 , 0.264706
3 , 2 , 472 , 280 , 1060 , 0.264151
3 , 2 , 3407 , 5 , 19 , 0.263158
3 , 1 , 3365 , 5 , 19 , 0.263158
3 , 3 , 351 , 5 , 19 , 0.263158
3 , 2 , 491 , 292 , 1112 , 0.26259
3 , 2 , 458 , 210 , 800 , 0.2625
3 , 1 , 405 , 32 , 122 , 0.262295
3 , 1 , 128 , 33 , 126 , 0.261905
3 , 1 , 3434 , 6 , 23 , 0.26087
3 , 1 , 368 , 34 , 131 , 0.259542
3 , 2 , 546 , 188 , 725 , 0.25931
3 , 1 , 3107 , 7 , 27 , 0.259259
3 , 1 , 530 , 22 , 85 , 0.258824
3 , 1 , 303 , 15 , 58 , 0.258621
3 , 1 , 423 , 16 , 62 , 0.258065
3 , 1 , 501 , 24 , 93 , 0.258065
3 , 2 , 3177 , 24 , 93 , 0.258065
3 , 1 , 493 , 18 , 70 , 0.257143
3 , 1 , 457 , 28 , 109 , 0.256881
3 , 1 , 468 , 29 , 113 , 0.256637
3 , 2 , 3235 , 185 , 721 , 0.256588
3 , 1 , 195 , 13 , 51 , 0.254902
3 , 2 , 445 , 185 , 728 , 0.254121
3 , 1 , 3427 , 33 , 130 , 0.253846
3 , 1 , 268 , 17 , 67 , 0.253731
3 , 2 , 537 , 55 , 218 , 0.252294
3 , 1 , 3540 , 1 , 4 , 0.25
3 , 1 , 3674 , 5 , 20 , 0.25
3 , 1 , 3628 , 1 , 4 , 0.25
3 , 1 , 3374 , 3 , 12 , 0.25
3 , 2 , 3091 , 1 , 4 , 0.25
3 , 1 , 3412 , 1 , 4 , 0.25
3 , 1 , 3161 , 3 , 12 , 0.25
3 , 2 , 3381 , 1 , 4 , 0.25
3 , 1 , 3510 , 1 , 4 , 0.25
3 , 2 , 82 , 3 , 12 , 0.25
3 , 1 , 3376 , 6 , 24 , 0.25
3 , 2 , 289 , 1 , 4 , 0.25
3 , 1 , 3431 , 17 , 68 , 0.25
3 , 1 , 3637 , 1 , 4 , 0.25
3 , 1 , 3558 , 1 , 4 , 0.25
3 , 1 , 3648 , 1 , 4 , 0.25
3 , 2 , 3504 , 2 , 8 , 0.25
3 , 3 , 3602 , 1 , 4 , 0.25
3 , 1 , 330 , 6 , 24 , 0.25
3 , 3 , 266 , 3 , 12 , 0.25
3 , 1 , 455 , 15 , 60 , 0.25
3 , 1 , 460 , 12 , 48 , 0.25
3 , 1 , 3242 , 2 , 8 , 0.25
3 , 1 , 499 , 33 , 132 , 0.25
3 , 1 , 2021 , 23 , 92 , 0.25
3 , 1 , 420 , 1 , 4 , 0.25
3 , 2 , 3582 , 1 , 4 , 0.25
3 , 1 , 3169 , 2 , 8 , 0.25
3 , 1 , 3150 , 1 , 4 , 0.25
3 , 2 , 3712 , 3 , 12 , 0.25
3 , 2 , 3564 , 1 , 4 , 0.25
3 , 3 , 3057 , 1 , 4 , 0.25
3 , 1 , 3157 , 1 , 4 , 0.25
3 , 1 , 342 , 4 , 16 , 0.25
3 , 2 , 3619 , 1 , 4 , 0.25
3 , 3 , 409 , 1 , 4 , 0.25
3 , 1 , 3100 , 3 , 12 , 0.25
3 , 1 , 3115 , 3 , 12 , 0.25
3 , 1 , 274 , 1 , 4 , 0.25
3 , 1 , 394 , 10 , 40 , 0.25
3 , 1 , 3094 , 1 , 4 , 0.25
3 , 1 , 3125 , 1 , 4 , 0.25
3 , 1 , 416 , 1 , 4 , 0.25
3 , 1 , 241 , 1 , 4 , 0.25
3 , 3 , 3449 , 2 , 8 , 0.25
3 , 1 , 83 , 1 , 4 , 0.25
3 , 3 , 343 , 1 , 4 , 0.25
3 , 1 , 3308 , 1 , 4 , 0.25
3 , 1 , 317 , 16 , 65 , 0.246154
3 , 1 , 369 , 15 , 61 , 0.245902
3 , 2 , 485 , 101 , 411 , 0.245742
3 , 2 , 321 , 13 , 53 , 0.245283
3 , 1 , 350 , 13 , 53 , 0.245283
3 , 2 , 3668 , 12 , 49 , 0.244898
3 , 2 , 3258 , 194 , 793 , 0.244641
3 , 2 , 3658 , 75 , 307 , 0.2443
3 , 2 , 494 , 173 , 710 , 0.243662
3 , 1 , 238 , 9 , 37 , 0.243243
3 , 1 , 3435 , 33 , 136 , 0.242647
3 , 1 , 325 , 24 , 99 , 0.242424
3 , 1 , 150 , 8 , 33 , 0.242424
3 , 1 , 3684 , 15 , 62 , 0.241935
3 , 2 , 540 , 157 , 650 , 0.241538
3 , 1 , 473 , 7 , 29 , 0.241379
3 , 1 , 3314 , 7 , 29 , 0.241379
3 , 2 , 3233 , 130 , 539 , 0.241187
3 , 2 , 519 , 719 , 2985 , 0.240871
3 , 2 , 466 , 226 , 939 , 0.240682
3 , 1 , 311 , 12 , 50 , 0.24
3 , 1 , 3356 , 6 , 25 , 0.24
3 , 2 , 3660 , 299 , 1248 , 0.239583
3 , 1 , 515 , 17 , 71 , 0.239437
3 , 2 , 267 , 142 , 594 , 0.239057
3 , 2 , 498 , 235 , 984 , 0.238821
3 , 1 , 146 , 10 , 42 , 0.238095
3 , 2 , 462 , 189 , 795 , 0.237736
3 , 1 , 265 , 22 , 93 , 0.236559
3 , 2 , 228 , 38 , 161 , 0.236025
3 , 2 , 369 , 42 , 178 , 0.235955
3 , 1 , 3112 , 4 , 17 , 0.235294
3 , 1 , 3701 , 4 , 17 , 0.235294
3 , 1 , 295 , 8 , 34 , 0.235294
3 , 1 , 531 , 20 , 85 , 0.235294
3 , 2 , 446 , 247 , 1052 , 0.234791
3 , 2 , 435 , 385 , 1643 , 0.234327
3 , 2 , 497 , 332 , 1417 , 0.234298
3 , 2 , 345 , 86 , 368 , 0.233696
3 , 1 , 305 , 21 , 90 , 0.233333
3 , 2 , 2003 , 115 , 493 , 0.233266
3 , 2 , 334 , 179 , 769 , 0.23277
3 , 2 , 427 , 10 , 43 , 0.232558
3 , 2 , 3680 , 69 , 298 , 0.231544
3 , 1 , 3142 , 18 , 78 , 0.230769
3 , 2 , 3303 , 3 , 13 , 0.230769
3 , 1 , 279 , 6 , 26 , 0.230769
3 , 1 , 456 , 9 , 39 , 0.230769
3 , 2 , 3341 , 6 , 26 , 0.230769
3 , 3 , 3289 , 3 , 13 , 0.230769
3 , 2 , 486 , 290 , 1257 , 0.230708
3 , 2 , 3244 , 164 , 711 , 0.230661
3 , 2 , 402 , 333 , 1445 , 0.23045
3 , 1 , 251 , 26 , 113 , 0.230088
3 , 2 , 465 , 231 , 1004 , 0.23008
3 , 2 , 3259 , 95 , 413 , 0.230024
3 , 2 , 453 , 169 , 735 , 0.229932
3 , 2 , 505 , 246 , 1070 , 0.229907
3 , 1 , 312 , 16 , 70 , 0.228571
3 , 2 , 484 , 50 , 219 , 0.228311
3 , 2 , 3641 , 223 , 978 , 0.228016
3 , 2 , 469 , 90 , 395 , 0.227848
3 , 2 , 492 , 190 , 834 , 0.227818
3 , 1 , 3172 , 5 , 22 , 0.227273
3 , 2 , 212 , 94 , 414 , 0.227053
3 , 2 , 173 , 160 , 705 , 0.22695
3 , 2 , 388 , 124 , 547 , 0.226691
3 , 1 , 3705 , 7 , 31 , 0.225806
3 , 1 , 3016 , 9 , 40 , 0.225
3 , 2 , 533 , 90 , 400 , 0.225
3 , 2 , 3168 , 31 , 138 , 0.224638
3 , 2 , 503 , 148 , 659 , 0.224583
3 , 2 , 526 , 146 , 651 , 0.22427
3 , 2 , 280 , 80 , 357 , 0.22409
3 , 2 , 470 , 109 , 487 , 0.223819
3 , 2 , 297 , 178 , 796 , 0.223618
3 , 2 , 379 , 257 , 1151 , 0.223284
3 , 2 , 223 , 135 , 606 , 0.222772
3 , 2 , 337 , 6 , 27 , 0.222222
3 , 1 , 3459 , 12 , 54 , 0.222222
3 , 1 , 3145 , 4 , 18 , 0.222222
3 , 2 , 3160 , 26 , 117 , 0.222222
3 , 2 , 3124 , 4 , 18 , 0.222222
3 , 1 , 3110 , 2 , 9 , 0.222222
3 , 1 , 3082 , 2 , 9 , 0.222222
3 , 1 , 3323 , 2 , 9 , 0.222222
3 , 2 , 3095 , 2 , 9 , 0.222222
3 , 1 , 2002 , 8 , 36 , 0.222222
3 , 1 , 3232 , 2 , 9 , 0.222222
3 , 1 , 3668 , 2 , 9 , 0.222222
3 , 1 , 248 , 2 , 9 , 0.222222
3 , 1 , 3284 , 2 , 9 , 0.222222
3 , 2 , 3389 , 2 , 9 , 0.222222
3 , 2 , 496 , 171 , 772 , 0.221503
3 , 2 , 315 , 42 , 190 , 0.221053
3 , 2 , 522 , 21 , 95 , 0.221053
3 , 2 , 168 , 222 , 1007 , 0.220457
3 , 2 , 335 , 111 , 504 , 0.220238
3 , 1 , 514 , 24 , 109 , 0.220183
3 , 2 , 293 , 263 , 1195 , 0.220084
3 , 1 , 3140 , 9 , 41 , 0.219512
3 , 2 , 476 , 139 , 634 , 0.219243
3 , 2 , 482 , 178 , 812 , 0.219212
3 , 2 , 3255 , 225 , 1027 , 0.219085
3 , 1 , 3167 , 14 , 64 , 0.21875
3 , 2 , 536 , 118 , 541 , 0.218115
3 , 2 , 528 , 151 , 693 , 0.217893
3 , 2 , 500 , 69 , 317 , 0.217666
3 , 2 , 3105 , 5 , 23 , 0.217391
3 , 2 , 3116 , 5 , 23 , 0.217391
3 , 1 , 3078 , 5 , 23 , 0.217391
3 , 2 , 253 , 58 , 267 , 0.217228
3 , 2 , 382 , 210 , 967 , 0.217166
3 , 2 , 357 , 67 , 309 , 0.216828
3 , 2 , 317 , 65 , 300 , 0.216667
3 , 2 , 3443 , 68 , 314 , 0.216561
3 , 2 , 3463 , 132 , 611 , 0.216039
3 , 2 , 3687 , 162 , 750 , 0.216
3 , 1 , 403 , 19 , 88 , 0.215909
3 , 2 , 254 , 91 , 422 , 0.21564
3 , 2 , 509 , 148 , 687 , 0.215429
3 , 2 , 502 , 37 , 172 , 0.215116
3 , 2 , 3236 , 52 , 242 , 0.214876
3 , 1 , 3461 , 9 , 42 , 0.214286
3 , 2 , 490 , 248 , 1159 , 0.213978
4 , 3 , 266 , 15 , 15 , 1
4 , 3 , 291 , 8 , 8 , 1
4 , 3 , 285 , 168 , 168 , 1
4 , 3 , 282 , 1 , 1 , 1
4 , 3 , 281 , 54 , 54 , 1
4 , 3 , 280 , 31 , 31 , 1
4 , 3 , 279 , 6 , 6 , 1
4 , 3 , 276 , 5 , 5 , 1
4 , 3 , 275 , 2 , 2 , 1
4 , 3 , 268 , 24 , 24 , 1
4 , 3 , 267 , 76 , 76 , 1
4 , 3 , 293 , 169 , 169 , 1
4 , 3 , 265 , 38 , 38 , 1
4 , 3 , 264 , 4 , 4 , 1
4 , 3 , 261 , 1 , 1 , 1
4 , 3 , 260 , 2 , 2 , 1
4 , 3 , 259 , 150 , 150 , 1
4 , 3 , 257 , 11 , 11 , 1
4 , 3 , 254 , 55 , 55 , 1
4 , 3 , 253 , 40 , 40 , 1
4 , 3 , 252 , 26 , 26 , 1
4 , 3 , 251 , 50 , 50 , 1
4 , 3 , 308 , 7 , 7 , 1
4 , 3 , 320 , 7 , 7 , 1
4 , 3 , 319 , 29 , 29 , 1
4 , 3 , 317 , 29 , 29 , 1
4 , 3 , 316 , 10 , 10 , 1
4 , 3 , 315 , 14 , 14 , 1
4 , 3 , 314 , 3 , 3 , 1
4 , 3 , 313 , 1 , 1 , 1
4 , 3 , 312 , 30 , 30 , 1
4 , 3 , 311 , 15 , 15 , 1
4 , 3 , 309 , 8 , 8 , 1
4 , 3 , 249 , 9 , 9 , 1
4 , 3 , 307 , 32 , 32 , 1
4 , 3 , 305 , 31 , 31 , 1
4 , 3 , 304 , 8 , 8 , 1
4 , 3 , 303 , 33 , 33 , 1
4 , 3 , 302 , 9 , 9 , 1
4 , 3 , 301 , 28 , 28 , 1
4 , 3 , 297 , 97 , 97 , 1
4 , 3 , 296 , 12 , 12 , 1
4 , 3 , 295 , 8 , 8 , 1
4 , 2 , 3712 , 3 , 3 , 1
4 , 3 , 157 , 4 , 4 , 1
4 , 3 , 151 , 78 , 78 , 1
4 , 3 , 150 , 12 , 12 , 1
4 , 3 , 146 , 12 , 12 , 1
4 , 3 , 143 , 2 , 2 , 1
4 , 3 , 128 , 57 , 57 , 1
4 , 3 , 127 , 80 , 80 , 1
4 , 3 , 82 , 2 , 2 , 1
4 , 3 , 79 , 13 , 13 , 1
4 , 3 , 72 , 27 , 27 , 1
4 , 3 , 161 , 18 , 18 , 1
4 , 2 , 3711 , 28 , 28 , 1
4 , 2 , 3709 , 23 , 23 , 1
4 , 2 , 3705 , 24 , 24 , 1
4 , 2 , 3701 , 16 , 16 , 1
4 , 2 , 3699 , 18 , 18 , 1
4 , 2 , 3697 , 14 , 14 , 1
4 , 2 , 3693 , 1 , 1 , 1
4 , 2 , 3690 , 11 , 11 , 1
4 , 2 , 3689 , 3 , 3 , 1
4 , 2 , 3688 , 51 , 51 , 1
4 , 3 , 228 , 19 , 19 , 1
4 , 3 , 248 , 1 , 1 , 1
4 , 3 , 247 , 12 , 12 , 1
4 , 3 , 242 , 1 , 1 , 1
4 , 3 , 241 , 1 , 1 , 1
4 , 3 , 239 , 4 , 4 , 1
4 , 3 , 238 , 11 , 11 , 1
4 , 3 , 237 , 55 , 55 , 1
4 , 3 , 236 , 61 , 61 , 1
4 , 3 , 232 , 2 , 2 , 1
4 , 3 , 229 , 124 , 124 , 1
4 , 3 , 321 , 5 , 5 , 1
4 , 3 , 223 , 68 , 68 , 1
4 , 3 , 217 , 9 , 9 , 1
4 , 3 , 212 , 54 , 54 , 1
4 , 3 , 195 , 20 , 20 , 1
4 , 3 , 174 , 57 , 57 , 1
4 , 3 , 173 , 86 , 86 , 1
4 , 3 , 168 , 126 , 126 , 1
4 , 3 , 167 , 72 , 72 , 1
4 , 3 , 164 , 28 , 28 , 1
4 , 3 , 400 , 3 , 3 , 1
4 , 3 , 412 , 25 , 25 , 1
4 , 3 , 411 , 18 , 18 , 1
4 , 3 , 410 , 24 , 24 , 1
4 , 3 , 409 , 1 , 1 , 1
4 , 3 , 408 , 4 , 4 , 1
4 , 3 , 406 , 2 , 2 , 1
4 , 3 , 405 , 39 , 39 , 1
4 , 3 , 403 , 42 , 42 , 1
4 , 3 , 402 , 198 , 198 , 1
4 , 3 , 401 , 28 , 28 , 1
4 , 3 , 414 , 1 , 1 , 1
4 , 3 , 399 , 1 , 1 , 1
4 , 3 , 394 , 14 , 14 , 1
4 , 3 , 393 , 9 , 9 , 1
4 , 3 , 392 , 1 , 1 , 1
4 , 3 , 391 , 2 , 2 , 1
4 , 3 , 390 , 3 , 3 , 1
4 , 3 , 389 , 10 , 10 , 1
4 , 3 , 388 , 59 , 59 , 1
4 , 3 , 387 , 23 , 23 , 1
4 , 3 , 386 , 7 , 7 , 1
4 , 3 , 435 , 220 , 220 , 1
4 , 3 , 448 , 369 , 369 , 1
4 , 3 , 447 , 80 , 80 , 1
4 , 3 , 446 , 134 , 134 , 1
4 , 3 , 445 , 97 , 97 , 1
4 , 3 , 442 , 98 , 98 , 1
4 , 3 , 441 , 26 , 26 , 1
4 , 3 , 440 , 30 , 30 , 1
4 , 3 , 439 , 30 , 30 , 1
4 , 3 , 438 , 38 , 38 , 1
4 , 3 , 437 , 1 , 1 , 1
4 , 3 , 383 , 40 , 40 , 1
4 , 3 , 433 , 26 , 26 , 1
4 , 3 , 432 , 39 , 39 , 1
4 , 3 , 427 , 1 , 1 , 1
4 , 3 , 426 , 50 , 50 , 1
4 , 3 , 423 , 29 , 29 , 1
4 , 3 , 422 , 15 , 15 , 1
4 , 3 , 417 , 32 , 32 , 1
4 , 3 , 416 , 1 , 1 , 1
4 , 3 , 415 , 7 , 7 , 1
4 , 3 , 334 , 95 , 95 , 1
4 , 3 , 349 , 12 , 12 , 1
4 , 3 , 347 , 43 , 43 , 1
4 , 3 , 346 , 18 , 18 , 1
4 , 3 , 345 , 46 , 46 , 1
4 , 3 , 342 , 7 , 7 , 1
4 , 3 , 341 , 5 , 5 , 1
4 , 3 , 340 , 4 , 4 , 1
4 , 3 , 339 , 32 , 32 , 1
4 , 3 , 336 , 53 , 53 , 1
4 , 3 , 335 , 56 , 56 , 1
4 , 3 , 350 , 22 , 22 , 1
4 , 3 , 332 , 4 , 4 , 1
4 , 3 , 331 , 2 , 2 , 1
4 , 3 , 330 , 8 , 8 , 1
4 , 3 , 328 , 31 , 31 , 1
4 , 3 , 327 , 35 , 35 , 1
4 , 3 , 326 , 47 , 47 , 1
4 , 3 , 325 , 37 , 37 , 1
4 , 3 , 324 , 5 , 5 , 1
4 , 3 , 323 , 5 , 5 , 1
4 , 3 , 322 , 1 , 1 , 1
4 , 3 , 362 , 53 , 53 , 1
4 , 3 , 382 , 124 , 124 , 1
4 , 3 , 380 , 50 , 50 , 1
4 , 3 , 379 , 145 , 145 , 1
4 , 3 , 377 , 16 , 16 , 1
4 , 3 , 376 , 6 , 6 , 1
4 , 3 , 369 , 15 , 15 , 1
4 , 3 , 368 , 71 , 71 , 1
4 , 3 , 366 , 2 , 2 , 1
4 , 3 , 364 , 1 , 1 , 1
4 , 3 , 363 , 13 , 13 , 1
4 , 2 , 3687 , 105 , 105 , 1
4 , 3 , 361 , 30 , 30 , 1
4 , 3 , 360 , 7 , 7 , 1
4 , 3 , 359 , 86 , 86 , 1
4 , 3 , 358 , 64 , 64 , 1
4 , 3 , 357 , 30 , 30 , 1
4 , 3 , 356 , 6 , 6 , 1
4 , 3 , 355 , 12 , 12 , 1
4 , 3 , 354 , 2 , 2 , 1
4 , 3 , 351 , 12 , 12 , 1
4 , 2 , 3381 , 1 , 1 , 1
4 , 2 , 3402 , 11 , 11 , 1
4 , 2 , 3400 , 5 , 5 , 1
4 , 2 , 3398 , 2 , 2 , 1
4 , 2 , 3393 , 1 , 1 , 1
4 , 2 , 3390 , 1 , 1 , 1
4 , 2 , 3389 , 1 , 1 , 1
4 , 2 , 3386 , 2 , 2 , 1
4 , 2 , 3384 , 1 , 1 , 1
4 , 2 , 3383 , 5 , 5 , 1
4 , 2 , 3382 , 4 , 4 , 1
4 , 2 , 3408 , 1 , 1 , 1
4 , 2 , 3378 , 9 , 9 , 1
4 , 2 , 3377 , 1 , 1 , 1
4 , 2 , 3376 , 18 , 18 , 1
4 , 2 , 3375 , 7 , 7 , 1
4 , 2 , 3374 , 2 , 2 , 1
4 , 2 , 3373 , 3 , 3 , 1
4 , 2 , 3372 , 15 , 15 , 1
4 , 2 , 3371 , 1 , 1 , 1
4 , 2 , 3370 , 4 , 4 , 1
4 , 2 , 3369 , 2 , 2 , 1
4 , 2 , 3423 , 2 , 2 , 1
4 , 2 , 3443 , 53 , 53 , 1
4 , 2 , 3441 , 3 , 3 , 1
4 , 2 , 3440 , 6 , 6 , 1
4 , 2 , 3437 , 1 , 1 , 1
4 , 2 , 3435 , 85 , 85 , 1
4 , 2 , 3434 , 8 , 8 , 1
4 , 2 , 3431 , 62 , 62 , 1
4 , 2 , 3430 , 4 , 4 , 1
4 , 2 , 3429 , 6 , 6 , 1
4 , 2 , 3427 , 100 , 100 , 1
4 , 2 , 3368 , 3 , 3 , 1
4 , 2 , 3420 , 2 , 2 , 1
4 , 2 , 3418 , 1 , 1 , 1
4 , 2 , 3417 , 1 , 1 , 1
4 , 2 , 3415 , 2 , 2 , 1
4 , 2 , 3414 , 1 , 1 , 1
4 , 2 , 3413 , 1 , 1 , 1
4 , 2 , 3412 , 2 , 2 , 1
4 , 2 , 3410 , 2 , 2 , 1
4 , 2 , 3409 , 7 , 7 , 1
4 , 2 , 3305 , 3 , 3 , 1
4 , 2 , 3328 , 8 , 8 , 1
4 , 2 , 3324 , 1 , 1 , 1
4 , 2 , 3323 , 4 , 4 , 1
4 , 2 , 3321 , 3 , 3 , 1
4 , 2 , 3320 , 7 , 7 , 1
4 , 2 , 3318 , 3 , 3 , 1
4 , 2 , 3317 , 2 , 2 , 1
4 , 2 , 3314 , 11 , 11 , 1
4 , 2 , 3312 , 1 , 1 , 1
4 , 2 , 3307 , 5 , 5 , 1
4 , 2 , 3329 , 3 , 3 , 1
4 , 2 , 3303 , 1 , 1 , 1
4 , 2 , 3300 , 4 , 4 , 1
4 , 2 , 3298 , 2 , 2 , 1
4 , 2 , 3297 , 1 , 1 , 1
4 , 2 , 3295 , 11 , 11 , 1
4 , 2 , 3294 , 2 , 2 , 1
4 , 2 , 3293 , 7 , 7 , 1
4 , 2 , 3292 , 4 , 4 , 1
4 , 2 , 3290 , 2 , 2 , 1
4 , 2 , 3289 , 16 , 16 , 1
4 , 2 , 3351 , 6 , 6 , 1
4 , 2 , 3367 , 4 , 4 , 1
4 , 2 , 3365 , 9 , 9 , 1
4 , 2 , 3363 , 3 , 3 , 1
4 , 2 , 3362 , 6 , 6 , 1
4 , 2 , 3360 , 17 , 17 , 1
4 , 2 , 3359 , 11 , 11 , 1
4 , 2 , 3358 , 1 , 1 , 1
4 , 2 , 3356 , 20 , 20 , 1
4 , 2 , 3355 , 1 , 1 , 1
4 , 2 , 3354 , 3 , 3 , 1
4 , 2 , 3449 , 1 , 1 , 1
4 , 2 , 3350 , 7 , 7 , 1
4 , 2 , 3349 , 1 , 1 , 1
4 , 2 , 3346 , 4 , 4 , 1
4 , 2 , 3343 , 2 , 2 , 1
4 , 2 , 3341 , 4 , 4 , 1
4 , 2 , 3339 , 1 , 1 , 1
4 , 2 , 3336 , 3 , 3 , 1
4 , 2 , 3335 , 2 , 2 , 1
4 , 2 , 3331 , 6 , 6 , 1
4 , 2 , 3580 , 1 , 1 , 1
4 , 2 , 3632 , 35 , 35 , 1
4 , 2 , 3630 , 2 , 2 , 1
4 , 2 , 3623 , 1 , 1 , 1
4 , 2 , 3618 , 2 , 2 , 1
4 , 2 , 3615 , 1 , 1 , 1
4 , 2 , 3606 , 4 , 4 , 1
4 , 2 , 3605 , 1 , 1 , 1
4 , 2 , 3597 , 1 , 1 , 1
4 , 2 , 3587 , 1 , 1 , 1
4 , 2 , 3581 , 3 , 3 , 1
4 , 2 , 3637 , 1 , 1 , 1
4 , 2 , 3579 , 1 , 1 , 1
4 , 2 , 3577 , 1 , 1 , 1
4 , 2 , 3576 , 3 , 3 , 1
4 , 2 , 3575 , 2 , 2 , 1
4 , 2 , 3574 , 1 , 1 , 1
4 , 2 , 3569 , 2 , 2 , 1
4 , 2 , 3568 , 1 , 1 , 1
4 , 2 , 3564 , 2 , 2 , 1
4 , 2 , 3563 , 1 , 1 , 1
4 , 2 , 3558 , 2 , 2 , 1
4 , 2 , 3664 , 33 , 33 , 1
4 , 2 , 3686 , 105 , 105 , 1
4 , 2 , 3684 , 30 , 30 , 1
4 , 2 , 3680 , 51 , 51 , 1
4 , 2 , 3675 , 2 , 2 , 1
4 , 2 , 3674 , 7 , 7 , 1
4 , 2 , 3673 , 1 , 1 , 1
4 , 2 , 3671 , 2 , 2 , 1
4 , 2 , 3669 , 3 , 3 , 1
4 , 2 , 3668 , 4 , 4 , 1
4 , 2 , 3666 , 2 , 2 , 1
4 , 2 , 3556 , 1 , 1 , 1
4 , 2 , 3663 , 2 , 2 , 1
4 , 2 , 3660 , 210 , 210 , 1
4 , 2 , 3659 , 72 , 72 , 1
4 , 2 , 3658 , 44 , 44 , 1
4 , 2 , 3656 , 35 , 35 , 1
4 , 2 , 3653 , 1 , 1 , 1
4 , 2 , 3649 , 1 , 1 , 1
4 , 2 , 3648 , 1 , 1 , 1
4 , 2 , 3641 , 153 , 153 , 1
4 , 2 , 3472 , 34 , 34 , 1
4 , 2 , 3507 , 2 , 2 , 1
4 , 2 , 3502 , 1 , 1 , 1
4 , 2 , 3497 , 2 , 2 , 1
4 , 2 , 3496 , 1 , 1 , 1
4 , 2 , 3495 , 1 , 1 , 1
4 , 2 , 3493 , 1 , 1 , 1
4 , 2 , 3492 , 1 , 1 , 1
4 , 2 , 3489 , 2 , 2 , 1
4 , 2 , 3486 , 5 , 5 , 1
4 , 2 , 3474 , 54 , 54 , 1
4 , 2 , 3509 , 1 , 1 , 1
4 , 2 , 3469 , 1 , 1 , 1
4 , 2 , 3467 , 37 , 37 , 1
4 , 2 , 3463 , 107 , 107 , 1
4 , 2 , 3462 , 16 , 16 , 1
4 , 2 , 3461 , 24 , 24 , 1
4 , 2 , 3459 , 35 , 35 , 1
4 , 2 , 3458 , 58 , 58 , 1
4 , 2 , 3457 , 14 , 14 , 1
4 , 2 , 3454 , 1 , 1 , 1
4 , 2 , 3452 , 4 , 4 , 1
4 , 2 , 3536 , 4 , 4 , 1
4 , 2 , 3555 , 1 , 1 , 1
4 , 2 , 3553 , 2 , 2 , 1
4 , 2 , 3552 , 1 , 1 , 1
4 , 2 , 3549 , 2 , 2 , 1
4 , 2 , 3547 , 1 , 1 , 1
4 , 2 , 3544 , 1 , 1 , 1
4 , 2 , 3542 , 1 , 1 , 1
4 , 2 , 3540 , 1 , 1 , 1
4 , 2 , 3539 , 4 , 4 , 1
4 , 2 , 3538 , 1 , 1 , 1
4 , 3 , 450 , 92 , 92 , 1
4 , 2 , 3534 , 1 , 1 , 1
4 , 2 , 3533 , 1 , 1 , 1
4 , 2 , 3531 , 1 , 1 , 1
4 , 2 , 3530 , 1 , 1 , 1
4 , 2 , 3529 , 1 , 1 , 1
4 , 2 , 3524 , 1 , 1 , 1
4 , 2 , 3521 , 4 , 4 , 1
4 , 2 , 3516 , 1 , 1 , 1
4 , 2 , 3510 , 1 , 1 , 1
4 , 3 , 3362 , 4 , 4 , 1
4 , 3 , 3375 , 3 , 3 , 1
4 , 3 , 3374 , 1 , 1 , 1
4 , 3 , 3373 , 1 , 1 , 1
4 , 3 , 3372 , 11 , 11 , 1
4 , 3 , 3371 , 1 , 1 , 1
4 , 3 , 3370 , 3 , 3 , 1
4 , 3 , 3369 , 2 , 2 , 1
4 , 3 , 3367 , 1 , 1 , 1
4 , 3 , 3365 , 3 , 3 , 1
4 , 3 , 3364 , 1 , 1 , 1
4 , 3 , 3376 , 5 , 5 , 1
4 , 3 , 3361 , 2 , 2 , 1
4 , 3 , 3360 , 8 , 8 , 1
4 , 3 , 3359 , 6 , 6 , 1
4 , 3 , 3356 , 4 , 4 , 1
4 , 3 , 3355 , 4 , 4 , 1
4 , 3 , 3354 , 1 , 1 , 1
4 , 3 , 3351 , 3 , 3 , 1
4 , 3 , 3350 , 4 , 4 , 1
4 , 3 , 3349 , 3 , 3 , 1
4 , 3 , 3346 , 3 , 3 , 1
4 , 3 , 3405 , 1 , 1 , 1
4 , 3 , 3425 , 3 , 3 , 1
4 , 3 , 3423 , 2 , 2 , 1
4 , 3 , 3420 , 2 , 2 , 1
4 , 3 , 3418 , 2 , 2 , 1
4 , 3 , 3415 , 1 , 1 , 1
4 , 3 , 3412 , 1 , 1 , 1
4 , 3 , 3411 , 2 , 2 , 1
4 , 3 , 3410 , 2 , 2 , 1
4 , 3 , 3409 , 5 , 5 , 1
4 , 3 , 3407 , 3 , 3 , 1
4 , 3 , 3343 , 1 , 1 , 1
4 , 3 , 3402 , 5 , 5 , 1
4 , 3 , 3400 , 1 , 1 , 1
4 , 3 , 3398 , 1 , 1 , 1
4 , 3 , 3396 , 1 , 1 , 1
4 , 3 , 3388 , 1 , 1 , 1
4 , 3 , 3383 , 2 , 2 , 1
4 , 3 , 3382 , 4 , 4 , 1
4 , 3 , 3378 , 6 , 6 , 1
4 , 3 , 3377 , 1 , 1 , 1
4 , 3 , 3284 , 2 , 2 , 1
4 , 3 , 3297 , 1 , 1 , 1
4 , 3 , 3296 , 1 , 1 , 1
4 , 3 , 3295 , 7 , 7 , 1
4 , 3 , 3293 , 3 , 3 , 1
4 , 3 , 3292 , 3 , 3 , 1
4 , 3 , 3290 , 2 , 2 , 1
4 , 3 , 3289 , 7 , 7 , 1
4 , 3 , 3288 , 1 , 1 , 1
4 , 3 , 3286 , 2 , 2 , 1
4 , 3 , 3285 , 5 , 5 , 1
4 , 3 , 3298 , 2 , 2 , 1
4 , 3 , 3283 , 78 , 78 , 1
4 , 3 , 3263 , 120 , 120 , 1
4 , 3 , 3260 , 65 , 65 , 1
4 , 3 , 3259 , 46 , 46 , 1
4 , 3 , 3258 , 115 , 115 , 1
4 , 3 , 3256 , 18 , 18 , 1
4 , 3 , 3255 , 136 , 136 , 1
4 , 3 , 3244 , 74 , 74 , 1
4 , 3 , 3243 , 24 , 24 , 1
4 , 3 , 3242 , 2 , 2 , 1
4 , 3 , 3318 , 2 , 2 , 1
4 , 3 , 3341 , 3 , 3 , 1
4 , 3 , 3338 , 2 , 2 , 1
4 , 3 , 3336 , 6 , 6 , 1
4 , 3 , 3331 , 3 , 3 , 1
4 , 3 , 3329 , 2 , 2 , 1
4 , 3 , 3328 , 2 , 2 , 1
4 , 3 , 3323 , 3 , 3 , 1
4 , 3 , 3321 , 1 , 1 , 1
4 , 3 , 3320 , 5 , 5 , 1
4 , 3 , 3319 , 1 , 1 , 1
4 , 3 , 3427 , 61 , 61 , 1
4 , 3 , 3317 , 1 , 1 , 1
4 , 3 , 3314 , 6 , 6 , 1
4 , 3 , 3313 , 2 , 2 , 1
4 , 3 , 3311 , 1 , 1 , 1
4 , 3 , 3310 , 1 , 1 , 1
4 , 3 , 3308 , 1 , 1 , 1
4 , 3 , 3305 , 2 , 2 , 1
4 , 3 , 3300 , 5 , 5 , 1
4 , 3 , 3299 , 1 , 1 , 1
4 , 3 , 3605 , 1 , 1 , 1
4 , 3 , 3663 , 1 , 1 , 1
4 , 3 , 3660 , 169 , 169 , 1
4 , 3 , 3659 , 44 , 44 , 1
4 , 3 , 3658 , 42 , 42 , 1
4 , 3 , 3656 , 44 , 44 , 1
4 , 3 , 3653 , 1 , 1 , 1
4 , 3 , 3648 , 2 , 2 , 1
4 , 3 , 3641 , 131 , 131 , 1
4 , 3 , 3632 , 30 , 30 , 1
4 , 3 , 3618 , 1 , 1 , 1
4 , 3 , 3664 , 32 , 32 , 1
4 , 3 , 3589 , 1 , 1 , 1
4 , 3 , 3588 , 1 , 1 , 1
4 , 3 , 3586 , 1 , 1 , 1
4 , 3 , 3584 , 1 , 1 , 1
4 , 3 , 3581 , 3 , 3 , 1
4 , 3 , 3579 , 1 , 1 , 1
4 , 3 , 3576 , 2 , 2 , 1
4 , 3 , 3572 , 1 , 1 , 1
4 , 3 , 3569 , 1 , 1 , 1
4 , 3 , 3562 , 3 , 3 , 1
4 , 3 , 3686 , 75 , 75 , 1
4 , 3 , 3711 , 15 , 15 , 1
4 , 3 , 3709 , 15 , 15 , 1
4 , 3 , 3705 , 13 , 13 , 1
4 , 3 , 3701 , 12 , 12 , 1
4 , 3 , 3699 , 12 , 12 , 1
4 , 3 , 3697 , 17 , 17 , 1
4 , 3 , 3693 , 1 , 1 , 1
4 , 3 , 3690 , 6 , 6 , 1
4 , 3 , 3688 , 25 , 25 , 1
4 , 3 , 3687 , 75 , 75 , 1
4 , 3 , 3560 , 1 , 1 , 1
4 , 3 , 3684 , 27 , 27 , 1
4 , 3 , 3680 , 34 , 34 , 1
4 , 3 , 3675 , 1 , 1 , 1
4 , 3 , 3674 , 5 , 5 , 1
4 , 3 , 3673 , 1 , 1 , 1
4 , 3 , 3671 , 4 , 4 , 1
4 , 3 , 3669 , 2 , 2 , 1
4 , 3 , 3668 , 3 , 3 , 1
4 , 3 , 3666 , 1 , 1 , 1
4 , 3 , 3461 , 18 , 18 , 1
4 , 3 , 3493 , 1 , 1 , 1
4 , 3 , 3490 , 1 , 1 , 1
4 , 3 , 3489 , 2 , 2 , 1
4 , 3 , 3486 , 2 , 2 , 1
4 , 3 , 3474 , 25 , 25 , 1
4 , 3 , 3472 , 30 , 30 , 1
4 , 3 , 3469 , 2 , 2 , 1
4 , 3 , 3467 , 24 , 24 , 1
4 , 3 , 3463 , 80 , 80 , 1
4 , 3 , 3462 , 11 , 11 , 1
4 , 3 , 3496 , 3 , 3 , 1
4 , 3 , 3459 , 13 , 13 , 1
4 , 3 , 3458 , 42 , 42 , 1
4 , 3 , 3457 , 6 , 6 , 1
4 , 3 , 3453 , 1 , 1 , 1
4 , 3 , 3443 , 32 , 32 , 1
4 , 3 , 3440 , 1 , 1 , 1
4 , 3 , 3435 , 42 , 42 , 1
4 , 3 , 3434 , 1 , 1 , 1
4 , 3 , 3431 , 32 , 32 , 1
4 , 3 , 3429 , 3 , 3 , 1
4 , 3 , 3534 , 2 , 2 , 1
4 , 3 , 3555 , 1 , 1 , 1
4 , 3 , 3553 , 3 , 3 , 1
4 , 3 , 3552 , 3 , 3 , 1
4 , 3 , 3547 , 2 , 2 , 1
4 , 3 , 3544 , 2 , 2 , 1
4 , 3 , 3541 , 1 , 1 , 1
4 , 3 , 3540 , 1 , 1 , 1
4 , 3 , 3539 , 3 , 3 , 1
4 , 3 , 3538 , 2 , 2 , 1
4 , 3 , 3536 , 3 , 3 , 1
4 , 3 , 3241 , 1 , 1 , 1
4 , 3 , 3531 , 2 , 2 , 1
4 , 3 , 3521 , 1 , 1 , 1
4 , 3 , 3520 , 2 , 2 , 1
4 , 3 , 3515 , 1 , 1 , 1
4 , 3 , 3511 , 1 , 1 , 1
4 , 3 , 3508 , 3 , 3 , 1
4 , 3 , 3507 , 1 , 1 , 1
4 , 3 , 3504 , 1 , 1 , 1
4 , 3 , 3499 , 1 , 1 , 1
4 , 3 , 516 , 6 , 6 , 1
4 , 3 , 528 , 88 , 88 , 1
4 , 3 , 526 , 83 , 83 , 1
4 , 3 , 525 , 328 , 328 , 1
4 , 3 , 524 , 41 , 41 , 1
4 , 3 , 523 , 144 , 144 , 1
4 , 3 , 522 , 10 , 10 , 1
4 , 3 , 520 , 24 , 24 , 1
4 , 3 , 519 , 446 , 446 , 1
4 , 3 , 518 , 81 , 81 , 1
4 , 3 , 517 , 107 , 107 , 1
4 , 3 , 529 , 31 , 31 , 1
4 , 3 , 515 , 33 , 33 , 1
4 , 3 , 514 , 28 , 28 , 1
4 , 3 , 513 , 37 , 37 , 1
4 , 3 , 509 , 78 , 78 , 1
4 , 3 , 508 , 44 , 44 , 1
4 , 3 , 507 , 90 , 90 , 1
4 , 3 , 505 , 143 , 143 , 1
4 , 3 , 504 , 82 , 82 , 1
4 , 3 , 503 , 88 , 88 , 1
4 , 3 , 502 , 17 , 17 , 1
4 , 3 , 545 , 79 , 79 , 1
4 , 3 , 2021 , 47 , 47 , 1
4 , 3 , 2012 , 47 , 47 , 1
4 , 3 , 2010 , 12 , 12 , 1
4 , 3 , 2009 , 7 , 7 , 1
4 , 3 , 2008 , 163 , 163 , 1
4 , 3 , 2006 , 11 , 11 , 1
4 , 3 , 2003 , 62 , 62 , 1
4 , 3 , 2002 , 15 , 15 , 1
4 , 3 , 2000 , 11 , 11 , 1
4 , 3 , 546 , 96 , 96 , 1
4 , 3 , 501 , 21 , 21 , 1
4 , 3 , 540 , 94 , 94 , 1
4 , 3 , 539 , 11 , 11 , 1
4 , 3 , 537 , 40 , 40 , 1
4 , 3 , 536 , 57 , 57 , 1
4 , 3 , 534 , 6 , 6 , 1
4 , 3 , 533 , 44 , 44 , 1
4 , 3 , 532 , 4 , 4 , 1
4 , 3 , 531 , 47 , 47 , 1
4 , 3 , 530 , 26 , 26 , 1
4 , 3 , 465 , 147 , 147 , 1
4 , 3 , 477 , 117 , 117 , 1
4 , 3 , 476 , 75 , 75 , 1
4 , 3 , 473 , 14 , 14 , 1
4 , 3 , 472 , 156 , 156 , 1
4 , 3 , 471 , 5 , 5 , 1
4 , 3 , 470 , 65 , 65 , 1
4 , 3 , 469 , 39 , 39 , 1
4 , 3 , 468 , 46 , 46 , 1
4 , 3 , 467 , 4 , 4 , 1
4 , 3 , 466 , 114 , 114 , 1
4 , 3 , 478 , 49 , 49 , 1
4 , 3 , 462 , 183 , 183 , 1
4 , 3 , 461 , 85 , 85 , 1
4 , 3 , 460 , 9 , 9 , 1
4 , 3 , 459 , 137 , 137 , 1
4 , 3 , 458 , 86 , 86 , 1
4 , 3 , 457 , 69 , 69 , 1
4 , 3 , 456 , 25 , 25 , 1
4 , 3 , 455 , 25 , 25 , 1
4 , 3 , 454 , 15 , 15 , 1
4 , 3 , 453 , 93 , 93 , 1
4 , 3 , 490 , 147 , 147 , 1
4 , 3 , 500 , 54 , 54 , 1
4 , 3 , 499 , 66 , 66 , 1
4 , 3 , 498 , 137 , 137 , 1
4 , 3 , 497 , 191 , 191 , 1
4 , 3 , 496 , 92 , 92 , 1
4 , 3 , 495 , 46 , 46 , 1
4 , 3 , 494 , 84 , 84 , 1
4 , 3 , 493 , 21 , 21 , 1
4 , 3 , 492 , 84 , 84 , 1
4 , 3 , 491 , 144 , 144 , 1
4 , 3 , 2022 , 1 , 1 , 1
4 , 3 , 487 , 48 , 48 , 1
4 , 3 , 486 , 136 , 136 , 1
4 , 3 , 485 , 34 , 34 , 1
4 , 3 , 484 , 24 , 24 , 1
4 , 3 , 483 , 93 , 93 , 1
4 , 3 , 482 , 104 , 104 , 1
4 , 3 , 481 , 5 , 5 , 1
4 , 3 , 480 , 44 , 44 , 1
4 , 3 , 479 , 69 , 69 , 1
4 , 3 , 3151 , 5 , 5 , 1
4 , 3 , 3162 , 8 , 8 , 1
4 , 3 , 3161 , 5 , 5 , 1
4 , 3 , 3160 , 23 , 23 , 1
4 , 3 , 3159 , 30 , 30 , 1
4 , 3 , 3158 , 34 , 34 , 1
4 , 3 , 3156 , 19 , 19 , 1
4 , 3 , 3155 , 8 , 8 , 1
4 , 3 , 3154 , 6 , 6 , 1
4 , 3 , 3153 , 4 , 4 , 1
4 , 3 , 3152 , 3 , 3 , 1
4 , 3 , 3163 , 22 , 22 , 1
4 , 3 , 3150 , 1 , 1 , 1
4 , 3 , 3148 , 7 , 7 , 1
4 , 3 , 3147 , 11 , 11 , 1
4 , 3 , 3146 , 5 , 5 , 1
4 , 3 , 3145 , 2 , 2 , 1
4 , 3 , 3144 , 3 , 3 , 1
4 , 3 , 3143 , 8 , 8 , 1
4 , 3 , 3142 , 30 , 30 , 1
4 , 3 , 3141 , 32 , 32 , 1
4 , 3 , 3140 , 10 , 10 , 1
4 , 3 , 3173 , 6 , 6 , 1
4 , 3 , 3239 , 2 , 2 , 1
4 , 3 , 3236 , 21 , 21 , 1
4 , 3 , 3235 , 83 , 83 , 1
4 , 3 , 3233 , 72 , 72 , 1
4 , 3 , 3232 , 1 , 1 , 1
4 , 3 , 3231 , 2 , 2 , 1
4 , 3 , 3226 , 13 , 13 , 1
4 , 3 , 3223 , 17 , 17 , 1
4 , 3 , 3177 , 7 , 7 , 1
4 , 3 , 3175 , 16 , 16 , 1
4 , 3 , 3139 , 7 , 7 , 1
4 , 3 , 3172 , 7 , 7 , 1
4 , 3 , 3171 , 10 , 10 , 1
4 , 3 , 3170 , 44 , 44 , 1
4 , 3 , 3169 , 1 , 1 , 1
4 , 3 , 3168 , 11 , 11 , 1
4 , 3 , 3167 , 21 , 21 , 1
4 , 3 , 3166 , 1 , 1 , 1
4 , 3 , 3165 , 13 , 13 , 1
4 , 3 , 3164 , 36 , 36 , 1
4 , 3 , 3080 , 1 , 1 , 1
4 , 3 , 3105 , 1 , 1 , 1
4 , 3 , 3101 , 6 , 6 , 1
4 , 3 , 3100 , 1 , 1 , 1
4 , 3 , 3096 , 4 , 4 , 1
4 , 3 , 3093 , 18 , 18 , 1
4 , 3 , 3092 , 10 , 10 , 1
4 , 3 , 3090 , 11 , 11 , 1
4 , 3 , 3087 , 3 , 3 , 1
4 , 3 , 3086 , 8 , 8 , 1
4 , 3 , 3082 , 4 , 4 , 1
4 , 3 , 3106 , 4 , 4 , 1
4 , 3 , 3078 , 3 , 3 , 1
4 , 3 , 3076 , 1 , 1 , 1
4 , 3 , 3071 , 1 , 1 , 1
4 , 3 , 3067 , 1 , 1 , 1
4 , 3 , 3066 , 1 , 1 , 1
4 , 3 , 3055 , 1 , 1 , 1
4 , 3 , 3053 , 1 , 1 , 1
4 , 3 , 3016 , 16 , 16 , 1
4 , 3 , 3002 , 86 , 86 , 1
4 , 3 , 2023 , 8 , 8 , 1
4 , 3 , 3119 , 4 , 4 , 1
4 , 3 , 3137 , 10 , 10 , 1
4 , 3 , 3136 , 6 , 6 , 1
4 , 3 , 3135 , 5 , 5 , 1
4 , 3 , 3134 , 14 , 14 , 1
4 , 3 , 3132 , 19 , 19 , 1
4 , 3 , 3131 , 4 , 4 , 1
4 , 3 , 3130 , 2 , 2 , 1
4 , 3 , 3129 , 3 , 3 , 1
4 , 3 , 3126 , 1 , 1 , 1
4 , 3 , 3125 , 1 , 1 , 1
4 , 2 , 3288 , 3 , 3 , 1
4 , 3 , 3118 , 2 , 2 , 1
4 , 3 , 3117 , 1 , 1 , 1
4 , 3 , 3116 , 1 , 1 , 1
4 , 3 , 3115 , 4 , 4 , 1
4 , 3 , 3112 , 9 , 9 , 1
4 , 3 , 3110 , 4 , 4 , 1
4 , 3 , 3109 , 2 , 2 , 1
4 , 3 , 3108 , 3 , 3 , 1
4 , 3 , 3107 , 8 , 8 , 1
4 , 1 , 3170 , 277 , 277 , 1
4 , 1 , 3242 , 2 , 2 , 1
4 , 1 , 3239 , 2 , 2 , 1
4 , 1 , 3236 , 34 , 34 , 1
4 , 1 , 3235 , 4 , 4 , 1
4 , 1 , 3226 , 44 , 44 , 1
4 , 1 , 3223 , 3 , 3 , 1
4 , 1 , 3177 , 6 , 6 , 1
4 , 1 , 3175 , 1 , 1 , 1
4 , 1 , 3172 , 1 , 1 , 1
4 , 1 , 3171 , 8 , 8 , 1
4 , 1 , 3243 , 8 , 8 , 1
4 , 1 , 3169 , 1 , 1 , 1
4 , 1 , 3168 , 17 , 17 , 1
4 , 1 , 3165 , 40 , 40 , 1
4 , 1 , 3164 , 11 , 11 , 1
4 , 1 , 3163 , 32 , 32 , 1
4 , 1 , 3162 , 3 , 3 , 1
4 , 1 , 3160 , 1 , 1 , 1
4 , 1 , 3159 , 19 , 19 , 1
4 , 1 , 3158 , 25 , 25 , 1
4 , 1 , 3154 , 1 , 1 , 1
4 , 1 , 3285 , 10 , 10 , 1
4 , 1 , 3331 , 1 , 1 , 1
4 , 1 , 3320 , 2 , 2 , 1
4 , 1 , 3314 , 2 , 2 , 1
4 , 1 , 3310 , 6 , 6 , 1
4 , 1 , 3306 , 4 , 4 , 1
4 , 1 , 3299 , 1 , 1 , 1
4 , 1 , 3295 , 5 , 5 , 1
4 , 1 , 3293 , 3 , 3 , 1
4 , 1 , 3292 , 1 , 1 , 1
4 , 1 , 3289 , 8 , 8 , 1
4 , 1 , 3153 , 1 , 1 , 1
4 , 1 , 3283 , 305 , 305 , 1
4 , 1 , 3282 , 1 , 1 , 1
4 , 1 , 3263 , 3 , 3 , 1
4 , 1 , 3260 , 10 , 10 , 1
4 , 1 , 3259 , 54 , 54 , 1
4 , 1 , 3258 , 15 , 15 , 1
4 , 1 , 3256 , 60 , 60 , 1
4 , 1 , 3255 , 49 , 49 , 1
4 , 1 , 3244 , 4 , 4 , 1
4 , 1 , 536 , 2 , 2 , 1
4 , 1 , 2008 , 266 , 266 , 1
4 , 1 , 2006 , 2 , 2 , 1
4 , 1 , 2003 , 9 , 9 , 1
4 , 1 , 2002 , 1 , 1 , 1
4 , 1 , 2000 , 14 , 14 , 1
4 , 1 , 546 , 2 , 2 , 1
4 , 1 , 545 , 10 , 10 , 1
4 , 1 , 540 , 1 , 1 , 1
4 , 1 , 539 , 3 , 3 , 1
4 , 1 , 537 , 1 , 1 , 1
4 , 1 , 2009 , 3 , 3 , 1
4 , 1 , 534 , 16 , 16 , 1
4 , 1 , 533 , 7 , 7 , 1
4 , 1 , 531 , 5 , 5 , 1
4 , 1 , 530 , 4 , 4 , 1
4 , 1 , 529 , 1 , 1 , 1
4 , 1 , 528 , 5 , 5 , 1
4 , 1 , 526 , 2 , 2 , 1
4 , 1 , 525 , 503 , 503 , 1
4 , 1 , 524 , 3 , 3 , 1
4 , 1 , 523 , 12 , 12 , 1
4 , 1 , 3117 , 1 , 1 , 1
4 , 1 , 3152 , 1 , 1 , 1
4 , 1 , 3143 , 2 , 2 , 1
4 , 1 , 3142 , 2 , 2 , 1
4 , 1 , 3141 , 2 , 2 , 1
4 , 1 , 3140 , 1 , 1 , 1
4 , 1 , 3139 , 2 , 2 , 1
4 , 1 , 3137 , 5 , 5 , 1
4 , 1 , 3136 , 5 , 5 , 1
4 , 1 , 3134 , 3 , 3 , 1
4 , 1 , 3132 , 5 , 5 , 1
4 , 1 , 3355 , 1 , 1 , 1
4 , 1 , 3112 , 1 , 1 , 1
4 , 1 , 3106 , 1 , 1 , 1
4 , 1 , 3093 , 4 , 4 , 1
4 , 1 , 3090 , 3 , 3 , 1
4 , 1 , 3016 , 6 , 6 , 1
4 , 1 , 3002 , 67 , 67 , 1
4 , 1 , 2022 , 2 , 2 , 1
4 , 1 , 2012 , 3 , 3 , 1
4 , 1 , 2010 , 2 , 2 , 1
4 , 1 , 3697 , 1 , 1 , 1
4 , 2 , 128 , 84 , 84 , 1
4 , 2 , 127 , 134 , 134 , 1
4 , 2 , 120 , 1 , 1 , 1
4 , 2 , 83 , 1 , 1 , 1
4 , 2 , 82 , 3 , 3 , 1
4 , 2 , 79 , 17 , 17 , 1
4 , 2 , 72 , 68 , 68 , 1
4 , 1 , 3711 , 7 , 7 , 1
4 , 1 , 3709 , 1 , 1 , 1
4 , 1 , 3699 , 1 , 1 , 1
4 , 2 , 143 , 4 , 4 , 1
4 , 1 , 3693 , 1 , 1 , 1
4 , 1 , 3688 , 2 , 2 , 1
4 , 1 , 3687 , 4 , 4 , 1
4 , 1 , 3686 , 4 , 4 , 1
4 , 1 , 3684 , 1 , 1 , 1
4 , 1 , 3674 , 1 , 1 , 1
4 , 1 , 3668 , 1 , 1 , 1
4 , 1 , 3664 , 7 , 7 , 1
4 , 1 , 3661 , 1 , 1 , 1
4 , 1 , 3660 , 10 , 10 , 1
4 , 2 , 174 , 87 , 87 , 1
4 , 2 , 238 , 32 , 32 , 1
4 , 2 , 237 , 67 , 67 , 1
4 , 2 , 236 , 89 , 89 , 1
4 , 2 , 232 , 5 , 5 , 1
4 , 2 , 229 , 133 , 133 , 1
4 , 2 , 228 , 25 , 25 , 1
4 , 2 , 223 , 77 , 77 , 1
4 , 2 , 217 , 6 , 6 , 1
4 , 2 , 212 , 69 , 69 , 1
4 , 2 , 195 , 29 , 29 , 1
4 , 1 , 3659 , 5 , 5 , 1
4 , 2 , 173 , 111 , 111 , 1
4 , 2 , 168 , 181 , 181 , 1
4 , 2 , 167 , 117 , 117 , 1
4 , 2 , 164 , 42 , 42 , 1
4 , 2 , 161 , 22 , 22 , 1
4 , 2 , 157 , 2 , 2 , 1
4 , 2 , 151 , 111 , 111 , 1
4 , 2 , 150 , 15 , 15 , 1
4 , 2 , 146 , 18 , 18 , 1
4 , 1 , 3418 , 1 , 1 , 1
4 , 1 , 3462 , 1 , 1 , 1
4 , 1 , 3459 , 4 , 4 , 1
4 , 1 , 3458 , 2 , 2 , 1
4 , 1 , 3457 , 4 , 4 , 1
4 , 1 , 3443 , 16 , 16 , 1
4 , 1 , 3440 , 8 , 8 , 1
4 , 1 , 3437 , 1 , 1 , 1
4 , 1 , 3435 , 3 , 3 , 1
4 , 1 , 3434 , 2 , 2 , 1
4 , 1 , 3427 , 5 , 5 , 1
4 , 1 , 3463 , 2 , 2 , 1
4 , 1 , 3408 , 1 , 1 , 1
4 , 1 , 3383 , 2 , 2 , 1
4 , 1 , 3376 , 1 , 1 , 1
4 , 1 , 3374 , 1 , 1 , 1
4 , 1 , 3373 , 1 , 1 , 1
4 , 1 , 3372 , 1 , 1 , 1
4 , 1 , 3370 , 1 , 1 , 1
4 , 1 , 3367 , 1 , 1 , 1
4 , 1 , 3360 , 3 , 3 , 1
4 , 1 , 3359 , 2 , 2 , 1
4 , 1 , 3585 , 1 , 1 , 1
4 , 1 , 3658 , 4 , 4 , 1
4 , 1 , 3656 , 2 , 2 , 1
4 , 1 , 3648 , 1 , 1 , 1
4 , 1 , 3641 , 11 , 11 , 1
4 , 1 , 3637 , 1 , 1 , 1
4 , 1 , 3632 , 4 , 4 , 1
4 , 1 , 3628 , 1 , 1 , 1
4 , 1 , 3625 , 1 , 1 , 1
4 , 1 , 3599 , 2 , 2 , 1
4 , 1 , 3596 , 1 , 1 , 1
4 , 1 , 520 , 5 , 5 , 1
4 , 1 , 3576 , 1 , 1 , 1
4 , 1 , 3536 , 1 , 1 , 1
4 , 1 , 3535 , 1 , 1 , 1
4 , 1 , 3520 , 1 , 1 , 1
4 , 1 , 3511 , 1 , 1 , 1
4 , 1 , 3503 , 1 , 1 , 1
4 , 1 , 3501 , 1 , 1 , 1
4 , 1 , 3474 , 3 , 3 , 1
4 , 1 , 3467 , 1 , 1 , 1
4 , 1 , 314 , 2 , 2 , 1
4 , 1 , 327 , 28 , 28 , 1
4 , 1 , 326 , 4 , 4 , 1
4 , 1 , 325 , 2 , 2 , 1
4 , 1 , 322 , 2 , 2 , 1
4 , 1 , 321 , 19 , 19 , 1
4 , 1 , 320 , 1 , 1 , 1
4 , 1 , 319 , 3 , 3 , 1
4 , 1 , 317 , 2 , 2 , 1
4 , 1 , 316 , 7 , 7 , 1
4 , 1 , 315 , 46 , 46 , 1
4 , 1 , 328 , 79 , 79 , 1
4 , 1 , 311 , 3 , 3 , 1
4 , 1 , 308 , 1 , 1 , 1
4 , 1 , 307 , 1 , 1 , 1
4 , 1 , 305 , 4 , 4 , 1
4 , 1 , 304 , 61 , 61 , 1
4 , 1 , 303 , 4 , 4 , 1
4 , 1 , 302 , 9 , 9 , 1
4 , 1 , 301 , 15 , 15 , 1
4 , 1 , 297 , 4 , 4 , 1
4 , 1 , 296 , 4 , 4 , 1
4 , 1 , 350 , 1 , 1 , 1
4 , 1 , 368 , 1 , 1 , 1
4 , 1 , 363 , 35 , 35 , 1
4 , 1 , 362 , 1 , 1 , 1
4 , 1 , 361 , 5 , 5 , 1
4 , 1 , 360 , 1 , 1 , 1
4 , 1 , 359 , 3 , 3 , 1
4 , 1 , 358 , 8 , 8 , 1
4 , 1 , 357 , 3 , 3 , 1
4 , 1 , 355 , 2 , 2 , 1
4 , 1 , 351 , 35 , 35 , 1
4 , 1 , 295 , 1 , 1 , 1
4 , 1 , 347 , 23 , 23 , 1
4 , 1 , 346 , 5 , 5 , 1
4 , 1 , 345 , 1 , 1 , 1
4 , 1 , 343 , 1 , 1 , 1
4 , 1 , 339 , 12 , 12 , 1
4 , 1 , 336 , 3 , 3 , 1
4 , 1 , 335 , 1 , 1 , 1
4 , 1 , 334 , 3 , 3 , 1
4 , 1 , 330 , 2 , 2 , 1
4 , 1 , 173 , 4 , 4 , 1
4 , 1 , 237 , 2 , 2 , 1
4 , 1 , 236 , 4 , 4 , 1
4 , 1 , 232 , 2 , 2 , 1
4 , 1 , 229 , 9 , 9 , 1
4 , 1 , 228 , 1 , 1 , 1
4 , 1 , 223 , 3 , 3 , 1
4 , 1 , 217 , 22 , 22 , 1
4 , 1 , 216 , 2 , 2 , 1
4 , 1 , 212 , 5 , 5 , 1
4 , 1 , 174 , 2 , 2 , 1
4 , 1 , 238 , 5 , 5 , 1
4 , 1 , 168 , 8 , 8 , 1
4 , 1 , 167 , 7 , 7 , 1
4 , 1 , 164 , 1 , 1 , 1
4 , 1 , 157 , 1 , 1 , 1
4 , 1 , 151 , 2 , 2 , 1
4 , 1 , 146 , 13 , 13 , 1
4 , 1 , 143 , 1 , 1 , 1
4 , 1 , 128 , 7 , 7 , 1
4 , 1 , 127 , 11 , 11 , 1
4 , 1 , 79 , 2 , 2 , 1
4 , 1 , 259 , 98 , 98 , 1
4 , 1 , 293 , 2 , 2 , 1
4 , 1 , 285 , 6 , 6 , 1
4 , 1 , 281 , 18 , 18 , 1
4 , 1 , 280 , 2 , 2 , 1
4 , 1 , 276 , 2 , 2 , 1
4 , 1 , 270 , 1 , 1 , 1
4 , 1 , 267 , 2 , 2 , 1
4 , 1 , 266 , 32 , 32 , 1
4 , 1 , 265 , 2 , 2 , 1
4 , 1 , 264 , 1 , 1 , 1
4 , 1 , 376 , 1 , 1 , 1
4 , 1 , 258 , 2 , 2 , 1
4 , 1 , 257 , 1 , 1 , 1
4 , 1 , 253 , 3 , 3 , 1
4 , 1 , 252 , 2 , 2 , 1
4 , 1 , 251 , 2 , 2 , 1
4 , 1 , 249 , 22 , 22 , 1
4 , 1 , 247 , 2 , 2 , 1
4 , 1 , 243 , 1 , 1 , 1
4 , 1 , 239 , 1 , 1 , 1
4 , 1 , 478 , 4 , 4 , 1
4 , 1 , 491 , 3 , 3 , 1
4 , 1 , 490 , 2 , 2 , 1
4 , 1 , 487 , 18 , 18 , 1
4 , 1 , 486 , 8 , 8 , 1
4 , 1 , 484 , 1 , 1 , 1
4 , 1 , 483 , 4 , 4 , 1
4 , 1 , 482 , 5 , 5 , 1
4 , 1 , 481 , 1 , 1 , 1
4 , 1 , 480 , 2 , 2 , 1
4 , 1 , 479 , 6 , 6 , 1
4 , 1 , 492 , 4 , 4 , 1
4 , 1 , 477 , 2 , 2 , 1
4 , 1 , 476 , 1 , 1 , 1
4 , 1 , 473 , 1 , 1 , 1
4 , 1 , 472 , 4 , 4 , 1
4 , 1 , 471 , 2 , 2 , 1
4 , 1 , 470 , 5 , 5 , 1
4 , 1 , 469 , 10 , 10 , 1
4 , 1 , 468 , 5 , 5 , 1
4 , 1 , 466 , 5 , 5 , 1
4 , 1 , 465 , 7 , 7 , 1
4 , 1 , 504 , 7 , 7 , 1
4 , 1 , 519 , 21 , 21 , 1
4 , 1 , 518 , 4 , 4 , 1
4 , 1 , 517 , 3 , 3 , 1
4 , 1 , 516 , 1 , 1 , 1
4 , 1 , 515 , 1 , 1 , 1
4 , 1 , 513 , 3 , 3 , 1
4 , 1 , 509 , 6 , 6 , 1
4 , 1 , 508 , 8 , 8 , 1
4 , 1 , 507 , 4 , 4 , 1
4 , 1 , 505 , 5 , 5 , 1
4 , 1 , 462 , 35 , 35 , 1
4 , 1 , 503 , 1 , 1 , 1
4 , 1 , 501 , 2 , 2 , 1
4 , 1 , 500 , 5 , 5 , 1
4 , 1 , 499 , 5 , 5 , 1
4 , 1 , 498 , 6 , 6 , 1
4 , 1 , 497 , 10 , 10 , 1
4 , 1 , 496 , 5 , 5 , 1
4 , 1 , 495 , 7 , 7 , 1
4 , 1 , 494 , 27 , 27 , 1
4 , 1 , 401 , 1 , 1 , 1
4 , 1 , 417 , 1 , 1 , 1
4 , 1 , 414 , 5 , 5 , 1
4 , 1 , 412 , 1 , 1 , 1
4 , 1 , 411 , 3 , 3 , 1
4 , 1 , 410 , 2 , 2 , 1
4 , 1 , 407 , 25 , 25 , 1
4 , 1 , 406 , 2 , 2 , 1
4 , 1 , 405 , 5 , 5 , 1
4 , 1 , 403 , 2 , 2 , 1
4 , 1 , 402 , 7 , 7 , 1
4 , 1 , 422 , 1 , 1 , 1
4 , 1 , 394 , 2 , 2 , 1
4 , 1 , 393 , 1 , 1 , 1
4 , 1 , 392 , 2 , 2 , 1
4 , 1 , 391 , 1 , 1 , 1
4 , 1 , 388 , 5 , 5 , 1
4 , 1 , 387 , 2 , 2 , 1
4 , 1 , 383 , 2 , 2 , 1
4 , 1 , 382 , 4 , 4 , 1
4 , 1 , 380 , 3 , 3 , 1
4 , 1 , 379 , 6 , 6 , 1
4 , 1 , 446 , 5 , 5 , 1
4 , 1 , 461 , 6 , 6 , 1
4 , 1 , 459 , 34 , 34 , 1
4 , 1 , 458 , 54 , 54 , 1
4 , 1 , 457 , 1 , 1 , 1
4 , 1 , 456 , 1 , 1 , 1
4 , 1 , 455 , 1 , 1 , 1
4 , 1 , 454 , 4 , 4 , 1
4 , 1 , 453 , 7 , 7 , 1
4 , 1 , 448 , 395 , 395 , 1
4 , 1 , 447 , 12 , 12 , 1
4 , 2 , 239 , 4 , 4 , 1
4 , 1 , 445 , 104 , 104 , 1
4 , 1 , 442 , 1 , 1 , 1
4 , 1 , 439 , 6 , 6 , 1
4 , 1 , 438 , 2 , 2 , 1
4 , 1 , 435 , 4 , 4 , 1
4 , 1 , 433 , 1 , 1 , 1
4 , 1 , 432 , 5 , 5 , 1
4 , 1 , 426 , 2 , 2 , 1
4 , 1 , 423 , 3 , 3 , 1
4 , 2 , 2008 , 333 , 333 , 1
4 , 2 , 3058 , 1 , 1 , 1
4 , 2 , 3057 , 1 , 1 , 1
4 , 2 , 3016 , 16 , 16 , 1
4 , 2 , 3002 , 81 , 81 , 1
4 , 2 , 2023 , 15 , 15 , 1
4 , 2 , 2022 , 12 , 12 , 1
4 , 2 , 2021 , 95 , 95 , 1
4 , 2 , 2012 , 87 , 87 , 1
4 , 2 , 2010 , 29 , 29 , 1
4 , 2 , 2009 , 8 , 8 , 1
4 , 2 , 3066 , 1 , 1 , 1
4 , 2 , 2006 , 24 , 24 , 1
4 , 2 , 2003 , 83 , 83 , 1
4 , 2 , 2002 , 12 , 12 , 1
4 , 2 , 2000 , 9 , 9 , 1
4 , 2 , 546 , 117 , 117 , 1
4 , 2 , 545 , 149 , 149 , 1
4 , 2 , 540 , 113 , 113 , 1
4 , 2 , 539 , 27 , 27 , 1
4 , 2 , 537 , 53 , 53 , 1
4 , 2 , 536 , 99 , 99 , 1
4 , 2 , 3082 , 4 , 4 , 1
4 , 2 , 3096 , 3 , 3 , 1
4 , 2 , 3095 , 1 , 1 , 1
4 , 2 , 3094 , 3 , 3 , 1
4 , 2 , 3093 , 23 , 23 , 1
4 , 2 , 3092 , 8 , 8 , 1
4 , 2 , 3091 , 1 , 1 , 1
4 , 2 , 3090 , 11 , 11 , 1
4 , 2 , 3087 , 6 , 6 , 1
4 , 2 , 3086 , 9 , 9 , 1
4 , 2 , 3083 , 1 , 1 , 1
4 , 2 , 534 , 15 , 15 , 1
4 , 2 , 3081 , 2 , 2 , 1
4 , 2 , 3080 , 7 , 7 , 1
4 , 2 , 3078 , 4 , 4 , 1
4 , 2 , 3077 , 6 , 6 , 1
4 , 2 , 3076 , 1 , 1 , 1
4 , 2 , 3074 , 1 , 1 , 1
4 , 2 , 3070 , 1 , 1 , 1
4 , 2 , 3068 , 2 , 2 , 1
4 , 2 , 3067 , 1 , 1 , 1
4 , 2 , 496 , 138 , 138 , 1
4 , 2 , 507 , 154 , 154 , 1
4 , 2 , 505 , 189 , 189 , 1
4 , 2 , 504 , 98 , 98 , 1
4 , 2 , 503 , 119 , 119 , 1
4 , 2 , 502 , 17 , 17 , 1
4 , 2 , 501 , 49 , 49 , 1
4 , 2 , 500 , 46 , 46 , 1
4 , 2 , 499 , 80 , 80 , 1
4 , 2 , 498 , 171 , 171 , 1
4 , 2 , 497 , 244 , 244 , 1
4 , 2 , 508 , 82 , 82 , 1
4 , 2 , 495 , 68 , 68 , 1
4 , 2 , 494 , 138 , 138 , 1
4 , 2 , 493 , 38 , 38 , 1
4 , 2 , 492 , 161 , 161 , 1
4 , 2 , 491 , 171 , 171 , 1
4 , 2 , 490 , 205 , 205 , 1
4 , 2 , 487 , 76 , 76 , 1
4 , 2 , 486 , 195 , 195 , 1
4 , 2 , 485 , 67 , 67 , 1
4 , 2 , 484 , 27 , 27 , 1
4 , 2 , 522 , 14 , 14 , 1
4 , 2 , 533 , 73 , 73 , 1
4 , 2 , 532 , 4 , 4 , 1
4 , 2 , 531 , 60 , 60 , 1
4 , 2 , 530 , 51 , 51 , 1
4 , 2 , 529 , 46 , 46 , 1
4 , 2 , 528 , 116 , 116 , 1
4 , 2 , 526 , 101 , 101 , 1
4 , 2 , 525 , 1599 , 1599 , 1
4 , 2 , 524 , 68 , 68 , 1
4 , 2 , 523 , 240 , 240 , 1
4 , 2 , 3100 , 4 , 4 , 1
4 , 2 , 520 , 36 , 36 , 1
4 , 2 , 519 , 537 , 537 , 1
4 , 2 , 518 , 105 , 105 , 1
4 , 2 , 517 , 140 , 140 , 1
4 , 2 , 516 , 23 , 23 , 1
4 , 2 , 515 , 34 , 34 , 1
4 , 2 , 514 , 57 , 57 , 1
4 , 2 , 513 , 62 , 62 , 1
4 , 2 , 509 , 113 , 113 , 1
4 , 2 , 3167 , 26 , 26 , 1
4 , 2 , 3223 , 38 , 38 , 1
4 , 2 , 3178 , 2 , 2 , 1
4 , 2 , 3177 , 20 , 20 , 1
4 , 2 , 3175 , 17 , 17 , 1
4 , 2 , 3173 , 9 , 9 , 1
4 , 2 , 3172 , 9 , 9 , 1
4 , 2 , 3171 , 30 , 30 , 1
4 , 2 , 3170 , 534 , 534 , 1
4 , 2 , 3169 , 8 , 8 , 1
4 , 2 , 3168 , 34 , 34 , 1
4 , 2 , 3226 , 33 , 33 , 1
4 , 2 , 3166 , 7 , 7 , 1
4 , 2 , 3165 , 15 , 15 , 1
4 , 2 , 3164 , 56 , 56 , 1
4 , 2 , 3163 , 40 , 40 , 1
4 , 2 , 3162 , 13 , 13 , 1
4 , 2 , 3161 , 7 , 7 , 1
4 , 2 , 3160 , 11 , 11 , 1
4 , 2 , 3159 , 54 , 54 , 1
4 , 2 , 3158 , 62 , 62 , 1
4 , 2 , 3157 , 1 , 1 , 1
4 , 2 , 3255 , 198 , 198 , 1
4 , 2 , 3286 , 1 , 1 , 1
4 , 2 , 3285 , 23 , 23 , 1
4 , 2 , 3284 , 4 , 4 , 1
4 , 2 , 3283 , 639 , 639 , 1
4 , 2 , 3282 , 11 , 11 , 1
4 , 2 , 3263 , 144 , 144 , 1
4 , 2 , 3260 , 84 , 84 , 1
4 , 2 , 3259 , 129 , 129 , 1
4 , 2 , 3258 , 143 , 143 , 1
4 , 2 , 3256 , 41 , 41 , 1
4 , 2 , 3156 , 29 , 29 , 1
4 , 2 , 3244 , 117 , 117 , 1
4 , 2 , 3243 , 33 , 33 , 1
4 , 2 , 3242 , 2 , 2 , 1
4 , 2 , 3239 , 4 , 4 , 1
4 , 2 , 3236 , 43 , 43 , 1
4 , 2 , 3235 , 116 , 116 , 1
4 , 2 , 3233 , 77 , 77 , 1
4 , 2 , 3232 , 6 , 6 , 1
4 , 2 , 3231 , 8 , 8 , 1
4 , 2 , 3116 , 3 , 3 , 1
4 , 2 , 3131 , 15 , 15 , 1
4 , 2 , 3130 , 2 , 2 , 1
4 , 2 , 3129 , 16 , 16 , 1
4 , 2 , 3126 , 2 , 2 , 1
4 , 2 , 3125 , 3 , 3 , 1
4 , 2 , 3124 , 4 , 4 , 1
4 , 2 , 3122 , 1 , 1 , 1
4 , 2 , 3119 , 2 , 2 , 1
4 , 2 , 3118 , 4 , 4 , 1
4 , 2 , 3117 , 3 , 3 , 1
4 , 2 , 3132 , 15 , 15 , 1
4 , 2 , 3115 , 6 , 6 , 1
4 , 2 , 3113 , 2 , 2 , 1
4 , 2 , 3112 , 12 , 12 , 1
4 , 2 , 3110 , 4 , 4 , 1
4 , 2 , 3109 , 4 , 4 , 1
4 , 2 , 3108 , 8 , 8 , 1
4 , 2 , 3107 , 11 , 11 , 1
4 , 2 , 3106 , 4 , 4 , 1
4 , 2 , 3102 , 3 , 3 , 1
4 , 2 , 3101 , 3 , 3 , 1
4 , 2 , 3144 , 2 , 2 , 1
4 , 2 , 3155 , 19 , 19 , 1
4 , 2 , 3154 , 5 , 5 , 1
4 , 2 , 3153 , 3 , 3 , 1
4 , 2 , 3152 , 7 , 7 , 1
4 , 2 , 3151 , 4 , 4 , 1
4 , 2 , 3150 , 2 , 2 , 1
4 , 2 , 3148 , 5 , 5 , 1
4 , 2 , 3147 , 21 , 21 , 1
4 , 2 , 3146 , 1 , 1 , 1
4 , 2 , 3145 , 6 , 6 , 1
4 , 2 , 483 , 138 , 138 , 1
4 , 2 , 3143 , 16 , 16 , 1
4 , 2 , 3142 , 39 , 39 , 1
4 , 2 , 3141 , 61 , 61 , 1
4 , 2 , 3140 , 22 , 22 , 1
4 , 2 , 3139 , 5 , 5 , 1
4 , 2 , 3137 , 21 , 21 , 1
4 , 2 , 3136 , 14 , 14 , 1
4 , 2 , 3135 , 7 , 7 , 1
4 , 2 , 3134 , 31 , 31 , 1
4 , 2 , 323 , 5 , 5 , 1
4 , 2 , 335 , 86 , 86 , 1
4 , 2 , 334 , 124 , 124 , 1
4 , 2 , 332 , 11 , 11 , 1
4 , 2 , 331 , 1 , 1 , 1
4 , 2 , 330 , 19 , 19 , 1
4 , 2 , 328 , 144 , 144 , 1
4 , 2 , 327 , 40 , 40 , 1
4 , 2 , 326 , 77 , 77 , 1
4 , 2 , 325 , 69 , 69 , 1
4 , 2 , 324 , 3 , 3 , 1
4 , 2 , 336 , 90 , 90 , 1
4 , 2 , 322 , 2 , 2 , 1
4 , 2 , 321 , 11 , 11 , 1
4 , 2 , 320 , 25 , 25 , 1
4 , 2 , 319 , 38 , 38 , 1
4 , 2 , 317 , 45 , 45 , 1
4 , 2 , 316 , 22 , 22 , 1
4 , 2 , 315 , 69 , 69 , 1
4 , 2 , 314 , 5 , 5 , 1
4 , 2 , 312 , 44 , 44 , 1
4 , 2 , 311 , 28 , 28 , 1
4 , 2 , 349 , 16 , 16 , 1
4 , 2 , 361 , 48 , 48 , 1
4 , 2 , 360 , 8 , 8 , 1
4 , 2 , 359 , 107 , 107 , 1
4 , 2 , 358 , 115 , 115 , 1
4 , 2 , 357 , 51 , 51 , 1
4 , 2 , 356 , 6 , 6 , 1
4 , 2 , 355 , 18 , 18 , 1
4 , 2 , 354 , 3 , 3 , 1
4 , 2 , 351 , 68 , 68 , 1
4 , 2 , 350 , 19 , 19 , 1
4 , 2 , 310 , 1 , 1 , 1
4 , 2 , 347 , 74 , 74 , 1
4 , 2 , 346 , 31 , 31 , 1
4 , 2 , 345 , 53 , 53 , 1
4 , 2 , 343 , 1 , 1 , 1
4 , 2 , 342 , 6 , 6 , 1
4 , 2 , 341 , 14 , 14 , 1
4 , 2 , 340 , 4 , 4 , 1
4 , 2 , 339 , 31 , 31 , 1
4 , 2 , 337 , 4 , 4 , 1
4 , 2 , 257 , 40 , 40 , 1
4 , 2 , 270 , 1 , 1 , 1
4 , 2 , 268 , 43 , 43 , 1
4 , 2 , 267 , 84 , 84 , 1
4 , 2 , 266 , 40 , 40 , 1
4 , 2 , 265 , 59 , 59 , 1
4 , 2 , 264 , 12 , 12 , 1
4 , 2 , 261 , 1 , 1 , 1
4 , 2 , 260 , 3 , 3 , 1
4 , 2 , 259 , 328 , 328 , 1
4 , 2 , 258 , 6 , 6 , 1
4 , 2 , 275 , 1 , 1 , 1
4 , 2 , 254 , 62 , 62 , 1
4 , 2 , 253 , 34 , 34 , 1
4 , 2 , 252 , 35 , 35 , 1
4 , 2 , 251 , 73 , 73 , 1
4 , 2 , 249 , 18 , 18 , 1
4 , 2 , 248 , 5 , 5 , 1
4 , 2 , 247 , 25 , 25 , 1
4 , 2 , 244 , 3 , 3 , 1
4 , 2 , 243 , 1 , 1 , 1
4 , 2 , 242 , 2 , 2 , 1
4 , 2 , 295 , 22 , 22 , 1
4 , 2 , 309 , 8 , 8 , 1
4 , 2 , 308 , 19 , 19 , 1
4 , 2 , 307 , 43 , 43 , 1
4 , 2 , 305 , 53 , 53 , 1
4 , 2 , 304 , 22 , 22 , 1
4 , 2 , 303 , 45 , 45 , 1
4 , 2 , 302 , 17 , 17 , 1
4 , 2 , 301 , 53 , 53 , 1
4 , 2 , 297 , 125 , 125 , 1
4 , 2 , 296 , 29 , 29 , 1
4 , 2 , 362 , 39 , 39 , 1
4 , 2 , 293 , 210 , 210 , 1
4 , 2 , 291 , 7 , 7 , 1
4 , 2 , 285 , 192 , 192 , 1
4 , 2 , 282 , 4 , 4 , 1
4 , 2 , 281 , 107 , 107 , 1
4 , 2 , 280 , 46 , 46 , 1
4 , 2 , 279 , 12 , 12 , 1
4 , 2 , 278 , 1 , 1 , 1
4 , 2 , 276 , 8 , 8 , 1
4 , 2 , 442 , 175 , 175 , 1
4 , 2 , 457 , 91 , 91 , 1
4 , 2 , 456 , 27 , 27 , 1
4 , 2 , 455 , 40 , 40 , 1
4 , 2 , 454 , 40 , 40 , 1
4 , 2 , 453 , 103 , 103 , 1
4 , 2 , 450 , 116 , 116 , 1
4 , 2 , 448 , 1470 , 1470 , 1
4 , 2 , 447 , 107 , 107 , 1
4 , 2 , 446 , 174 , 174 , 1
4 , 2 , 445 , 232 , 232 , 1
4 , 2 , 458 , 198 , 198 , 1
4 , 2 , 441 , 17 , 17 , 1
4 , 2 , 440 , 49 , 49 , 1
4 , 2 , 439 , 46 , 46 , 1
4 , 2 , 438 , 64 , 64 , 1
4 , 2 , 435 , 289 , 289 , 1
4 , 2 , 433 , 33 , 33 , 1
4 , 2 , 432 , 64 , 64 , 1
4 , 2 , 427 , 3 , 3 , 1
4 , 2 , 426 , 95 , 95 , 1
4 , 2 , 423 , 47 , 47 , 1
4 , 2 , 470 , 69 , 69 , 1
4 , 2 , 482 , 126 , 126 , 1
4 , 2 , 481 , 6 , 6 , 1
4 , 2 , 480 , 63 , 63 , 1
4 , 2 , 479 , 79 , 79 , 1
4 , 2 , 478 , 57 , 57 , 1
4 , 2 , 477 , 181 , 181 , 1
4 , 2 , 476 , 113 , 113 , 1
4 , 2 , 473 , 16 , 16 , 1
4 , 2 , 472 , 173 , 173 , 1
4 , 2 , 471 , 6 , 6 , 1
4 , 2 , 422 , 29 , 29 , 1
4 , 2 , 469 , 55 , 55 , 1
4 , 2 , 468 , 63 , 63 , 1
4 , 2 , 467 , 1 , 1 , 1
4 , 2 , 466 , 160 , 160 , 1
4 , 2 , 465 , 186 , 186 , 1
4 , 2 , 462 , 225 , 225 , 1
4 , 2 , 461 , 137 , 137 , 1
4 , 2 , 460 , 19 , 19 , 1
4 , 2 , 459 , 224 , 224 , 1
4 , 2 , 382 , 148 , 148 , 1
4 , 2 , 394 , 20 , 20 , 1
4 , 2 , 393 , 18 , 18 , 1
4 , 2 , 392 , 4 , 4 , 1
4 , 2 , 391 , 6 , 6 , 1
4 , 2 , 390 , 1 , 1 , 1
4 , 2 , 389 , 10 , 10 , 1
4 , 2 , 388 , 93 , 93 , 1
4 , 2 , 387 , 24 , 24 , 1
4 , 2 , 386 , 8 , 8 , 1
4 , 2 , 383 , 62 , 62 , 1
4 , 2 , 396 , 1 , 1 , 1
4 , 2 , 380 , 57 , 57 , 1
4 , 2 , 379 , 220 , 220 , 1
4 , 2 , 377 , 34 , 34 , 1
4 , 2 , 376 , 5 , 5 , 1
4 , 2 , 373 , 1 , 1 , 1
4 , 2 , 369 , 27 , 27 , 1
4 , 2 , 368 , 99 , 99 , 1
4 , 2 , 366 , 3 , 3 , 1
4 , 2 , 364 , 2 , 2 , 1
4 , 2 , 363 , 36 , 36 , 1
4 , 2 , 407 , 37 , 37 , 1
4 , 2 , 420 , 1 , 1 , 1
4 , 2 , 418 , 8 , 8 , 1
4 , 2 , 417 , 41 , 41 , 1
4 , 2 , 416 , 2 , 2 , 1
4 , 2 , 415 , 10 , 10 , 1
4 , 2 , 414 , 8 , 8 , 1
4 , 2 , 412 , 37 , 37 , 1
4 , 2 , 411 , 32 , 32 , 1
4 , 2 , 410 , 36 , 36 , 1
4 , 2 , 408 , 5 , 5 , 1
4 , 1 , 72 , 1 , 1 , 1
4 , 2 , 406 , 15 , 15 , 1
4 , 2 , 405 , 89 , 89 , 1
4 , 2 , 403 , 53 , 53 , 1
4 , 2 , 402 , 258 , 258 , 1
4 , 2 , 401 , 41 , 41 , 1
4 , 2 , 400 , 4 , 4 , 1
4 , 2 , 399 , 2 , 2 , 1
4 , 2 , 398 , 2 , 2 , 1
4 , 2 , 397 , 1 , 1 , 1
